14,Niko Dovana Stadium
16,Stadiumi Flamurtari
19,Stadiumi Laçi
21,Arena e Demave
23,Selman Stërmasi
25,Loni Papuciu
26,Besa
28,Stadiumi Liri Ballabani
29,Stadiumi Adush Muça
32,Redi Maloku
34,Roza Haxhiu
36,Gjergj Kyçyku
38,Stadiumi Skënderbeu
40,Stadiumi Niko Dovana
44,Loro Boriçi
47,Stade Mohamed Boumezrag
51,Stade 20 Août 1955 (Algier)
53,Stade Mohamed Hamlaoui
54,Mohamed Bensaïd Stadium
55,Stade 8 Mai 1945
56,Stade Hocine Aït-Ahmed
58,Stade 20 Août 1955 (Skikda)
59,Stade Ali Ammar
61,Stade Miloud Hadefi
66,Stade 20 Août 1955
67,Stade Imam Lyes
68,Stade Omar Benrabah
71,Stade du 18-Février
72,Stade Omar Hammadi
79,Stade Akid Lotfi
81,Centre d'Entrenament de la FAF
88,Camp d’Esports del M.I. Consell General
96,Estadi Comunal
98,Leoncio Benítez
99,Diego Armando Maradona
100,Julio Humberto Grondona
101,Nuevo Monumental
102,José María Minella
103,Islas Malvinas
104,Florencio Sola
105,Julio César Villagra
106,Alberto J. Armando
107,Estadio José Manuel Moreno
108,Tomás Adolfo Ducó
109,LDA - Ricardo Enrique Bochini
110,Ciudad de Lanús - Néstor Díaz Pérez
112,Presbítero Bartolomé Grella
113,Ciudad de Vicente López
114,Mâs Monumental
115,Gigante de Arroyito
116,José Dellagiovanna
117,Monumental José Fierro
119,Chacarita Juniors
120,Fragata Presidente Sarmiento
121,Roberto Natalio Carminatti
122,Raúl Conti
123,San Juan del Bicentenario
124,Brigadier General Estanislao López
126,Norberto Tomaghello
127,Jorge Luis Hirschi
128,Arquitecto Ricardo Etcheverri
129,23 de Agosto
130,Juan Carmelo Zerillo
131,Malvinas Argentinas
132,León Kolbowski
133,Bautista Gargantini
134,Juan Domingo Perón
135,Marcelo Bielsa
136,Centenario Ciudad de Quilmes
137,Presidente Perón
138,Pedro Bidegain
139,Ingeniero Hilario Sánchez
140,La Ciudadela
141,Mario Alberto Kempes
143,15 de Abril
144,José Amalfitani
145,Avan Academy Stadium
151,Gandzasar Stadium
156,Junior Sport Stadium
158,Gyumri City Stadium
171,Coopers Stadium
172,Industree Group Stadium
173,CommBank Stadium
174,AAMI Park
175,McDonald Jones Stadium
177,HBF Park
178,Suncorp Stadium
179,Allianz Stadium Sydney
180,Sky Stadium
182,Monte Schlacko Arena
189,Red Bull Arena Salzburg
190,Red Bull Arena
192,Datenpol Arena
193,Generali Arena
195,Naturarena Hohe Warte
197,Alpenstadion
198,Lavanttal-Arena
200,CASHPOINT-Arena
202,Wörtherseestadion
203,Allianz-Stadion
204,Merkur Arena
205,NV Arena
209,Innviertel Arena
211,Profertil Arena Hartberg
212,Hofmann Personal Stadion
216,Tofiq Bahramov Stadium
221,Qabala City Stadium
223,Kapital Bank Arena
224,Neftchi Arena
225,Tovuz City Stadium
245,Borisov-Arena
246,Spartak
247,Gorodskoy
248,GOSK Brestskiy
249,Dinamo
252,Lokomotiv
253,Tsentralny
254,Stadion FK Minsk
256,Yunost
258,ZSK Vitebsk
265,Yunost
266,Atlant
267,Stadion GOKTsOR
269,Stroitel
271,Torpedo
275,Volna
276,Stadion RTsOP-BGU
277,Planet Group Arena
278,De Bosuil
279,Jan Breydelstadion
281,Dender Football Complex
283,Stade de la Cite de l'Oie
287,Olympisch Stadion
288,Daio Wasabi Stayen Stadium
291,Burgemeester Van de Wiele Stadion
294,Guldensporenstadion
295,AFAS Stadion
296,Diaz Arena
298,Bergéstadion
299,Soeverein stadion
300,AsterX Group-f Arena
301,La Neuville
302,King Power at Den Dreef Stadion
305,Lotto Park
306,Cegeka Arena
308,Freethielstadion
312,Elindus Arena
313,Stade du Pays de Charleroi
314,Daknamstadion
315,Maurice Dufrasne Stadion
316,Kehrweg-Stadion
317,Stade Joseph Mariën
321,Het Kuipje
335,Estadio Gilberto Parada
336,Estadio Félix Capriles Sainz
337,Estadio Ramón Tahuichi Aguilera
338,Estadio Hernando Siles
339,Estadio Víctor Augustín Ugarte
340,Estadio Jesús Bermúdez
345,Estadio Víctor Agustín Ugarte
349,Gradski-Stadion Banja Luka
359,Gradski Stadion Prijedor
365,Gradski
366,pod Vardom "Kakanj"
368,Asim Ferhatović - Hase
371,Tušanj
372,Gradski Stadion Luke Doboj
374,Stadion Rodeni
379,Bijeli Brijeg
385,Gradski Stadion
391,Pecara
395,Estádio Maria Lamas Farache
396,Estádio Antonio Accioly
397,Arena Independência
398,Ligga Arena
399,Estádio Aderbal Ramos da Silva
400,Estádio Olímpico Nilton Santos
401,Arena MRV
402,Estádio Nabi Abi Chedid
403,Estádio Plácido Aderaldo Castelo
405,Estádio Major Antônio Couto Pereira
406,Estádio Heriberto Hülse
407,Estádio Governador Magalhães Pinto
408,Arena Fonte Nova
409,Estádio Orlando Scarpelli
410,Estádio Jornalista Mário Filho
413,Estádio de Hailé Pinheiro
414,Arena do Grêmio
416,Estádio Beira-Rio
418,Estádio Brinco de Ouro da Princesa
421,Estádio Eládio de Barros Carvalho
422,Allianz Parque
423,Estádio Durival Britto e Silva
425,Estádio Moisés Lucarelli
426,Estádio Luso Brasileiro
427,Estádio Banpará Baenão
428,Neo Química Arena
429,Estádio José do Rego Maciel
431,Estádio Urbano Caldeira
433,Estádio Adelmar da Costa Carvalho
435,MorumBIS
436,Estádio São Januário
437,Estádio Onésio Brasileiro Alvarenga
438,Estádio Manoel Barradas
442,Druzhba
444,Beroe
446,Huvepharma Arena
447,Vasil Levski
450,Stadion Ticha
453,Gradski
454,Bonchuk
458,Georgi Asparuhov
460,Hristo Botev
461,Lokomotiv
462,Lokomotiv
467,Minyor
471,Ogosta
472,Gradski
473,Hristo Botev
477,Aleksandar Shalamanov
478,Pleven Stadium
480,Spartak
481,Chavdar Tsvetkov
490,York Lions Stadium
491,Hellenic Community Centre
494,Stade Saputo
503,BC Place
504,Centennial Stadium
505,Regional Calvo y Bascuñán
506,Bicentenario de La Florida
507,El Cobre
508,Nelson Oyarzún
509,Fiscal Tucapel Bustamante Lastra
510,Zorros del Desierto
511,Monumental David Arellano
512,Francisco Sánchez Rumoroso
513,Municipal Joaquín Muñoz García
515,Luis Valenzuela Hermosilla
516,La Portada
517,Municipal Luis Navarro Avilés
518,Germán Becker
519,Sausalito
521,Huachipato-CAP Acero
523,Tierra de Campeones
524,Municipal Jorge Silva Valenzuela
525,Municipal de La Cisterna
526,Carlos Dittborn
527,Estadio Regional de Chinquihue
528,Lucio Fariña Fernández
529,Municipal de La Pintana
530,Lucio Fariña Fernández
531,San Carlos de Apoquindo
532,Nacional Julio Martínez Prádanos
533,Ester Roa Rebolledo
534,Santa Laura
535,Nicolás Chahuán Nazar
536,Municipal Javier Muñoz Delgado
538,Workers Stadium
541,Changchun Sports Center Stadium
544,Phoenix Hill Sports Park Football Stadium
545,Yuxi Plateau Sports Center Stadium
547,Guiyang Olympic Sports Center
552,Shenyang Sports Centre Stadium
560,Shanghai Stadium
568,Yanji National Fitness Center Stadium
570,Estadio Olímpico Pascual Guerrero
571,Estadio Guillermo Plazas Alcid
572,Estadio Olímpico Jaime Morón León
573,Estadio Metropolitano Roberto Meléndez
574,Estadio Atanasio Girardot
575,Estadio de la Independencia
576,Estadio Metropolitano de Techo
577,Estadio Nemesio Camacho (El Campín)
579,Estadio Centenario de Armenia
580,Estadio Manuel Murillo Toro
581,Estadio Deportivo Cali
583,Estadio Hernán Ramírez Villegas
584,Estadio Polideportivo Sur
585,Estadio Atanasio Girardot
586,Estadio Nemesio Camacho (El Campín)
587,Estadio Palogrande
589,Estadio Municipal de Pérez Zeledón
591,Estadio Carlos Ugalde Álvarez
593,Estadio José Rafael Fello Meza Ivancovich
594,Estadio Carlos Alvarado
595,Estadio Ricardo Saprissa Aymá
596,Estadio Alejandro Morera Soto
597,Estadio Ebal Rodríguez Aguilar
598,Estadio Miguel Lito Pérez
600,Cibalia
601,Sveti Josip Radnik
602,Maksimir
603,Subicevac
604,Stadion Rujevica
607,Poljud
609,Aldo Drosina
611,Kranjceviceva
612,SRC Hrvatskih vitezova
621,Opus Arena
623,SC Rudes
624,Pokraj Jadra
630,Gradski Stadion Ivan Kusek Apas
631,Gradski stadion Andelko Herjavec
632,AEK Arena - Georgios Karapatakis
633,Limassol Arena
636,GSP Stadium
639,Kinotiko Stadio Chlorakas
643,Antonis Papadopoulos
650,Dimotiko Stadio "Tasos Markou"
652,Ammochostos Stadium
653,Stadio Ethnikos Achnas (Dasaki)
658,Makario Stadium
660,Antonis Papadopoulos
663,Kyrenia - Epistrofi
664,Městský fotbalový stadion Srbská
665,Městský fotbalový stadion Miroslava Valenty
666,Stadion Na Litavce
667,Městský stadion
668,Městský stadion - Vitkovice Aréna
670,Ďolíček
672,Stadion FK Viktoria Žižkov
673,Stadion v Kotlině
674,Stadion Juliska
678,Střelnice
679,Lokontrans Arena
680,AGC Aréna Na Stínadlech
681,Stadion v Kollárově ulici
682,Malšovická aréna
684,Stadion FC Dolni Benesov
685,Stadion Frantiska Kloze
686,Andrův stadion
687,Andrův stadion
688,Fortuna Arena
689,Stadion U Nisy
691,epet Arena
692,Stadion Letná
693,Stadion Rudolfa Labaje
694,Doosan Aréna
695,Stadion FK Viktoria Žižkov
696,Stadion v Jiráskově ulici
699,Mestsky Stadion
700,Nordstern Arena Horsens
701,Ceres Park Vejlby
703,Aalborg Portland Park
705,Riisvangen Stadion
706,Gladsaxe Stadion
713,Østerbro Stadion
714,Brabrand IF's Idrætsanlæg
715,Brøndby Stadion
718,Blue Water Arena
721,Monjasa Park
724,Parken
725,MCH Arena
726,Right to Dream Park
727,Roskilde Idrætspark
732,Gentofte Sportspark
734,DS Arena
737,PRO VENTILATION Arena
738,Helsingør Ny Stadion
741,Capelli Sport Stadion, Køge Idrætspark
742,Lollands Bank Park
743,Lyngby Stadion
745,MTM Service Park
746,Nature Energy Park
748,Cepheus Park Randers
749,Middelfart Stadion
750,JYSK Park
756,Sydbank Park
760,Vejle Stadion
761,Viborg Stadion
764,Monumental Banco Pichincha
765,Estadio Olímpico Atahualpa
767,Estadio Fernando Guerrero Guerrero
769,Estadio Olímpico de Ibarra
770,Estadio George Capwell
772,Estadio Jocay
773,Estadio Alejandro Serrano Aguilar
775,Rodrigo Paz Delgado
776,Arab Contractors Stadium
777,El Salam Stadium
778,Petrosport Stadium
779,Cairo International Stadium
780,Alexandria Stadium
781,Suez Stadium
782,Alexandria Stadium
783,Cairo Military Academy Stadium
784,El Max
785,Ismailia Stadium
787,Cairo Military Academy Stadium
788,El Salam Stadium
789,Gehaz El Reyada Stadium
790,Khaled Bichara Stadium
791,Cairo International Stadium
792,Estadio Jorge Calero Suárez
793,Estadio Cuscatlán
797,Estadio Óscar Alberto Quiteño
799,Estadio Juan Francisco Barraza
800,Estadio Sergio Torres
802,Vitality Stadium
803,Hornchurch Stadium
804,New Bucks Head
805,Plough Lane
806,The Wham Stadium
807,The Recreation Ground
808,Impact Arena
809,J. Davidson Stadium
810,Emirates Stadium
811,Villa Park
812,The Hive Stadium
813,Oakwell Stadium
814,Holker Street
816,Twerton Park
818,St. Andrew’s @ Knighthead Park
820,Ewood Park
821,Bloomfield Road
822,Croft Park
824,Toughsheet Community Stadium
825,The Jakemans Stadium
826,St James Park
827,Northern Commercials Stadium
828,Cressing Road Stadium
829,Gtech Community Stadium
830,AMEX Stadium
831,Ashton Gate
832,Memorial Stadium
833,H2T Group Stadium
834,Turf Moor
836,Pirelli Stadium
838,Tarmac Silverlands Stadium
840,Cledara Abbey Stadium
841,Cardiff City Stadium
842,Brunton Park
843,The Valley
844,The EMG Inspire Stadium
845,Stamford Bridge
846,Completely-Suzuki Stadium
847,Deva Stadium
848,SMH Group Stadium
849,Hardenhuish Park
851,JobServe Community Stadium
853,Coventry Building Society Arena
854,Broadfield Stadium
855,Mornflake Stadium
856,Selhurst Park
857,Victoria Road
858,Blackwell Meadows
859,Pride Park Stadium
860,Keepmoat Stadium
862,The Perrys Crabble Stadium
864,Priory Lane Stadium
865,Silverlake Stadium
867,Stonebridge Road
868,Goodison Park
869,St James Park
870,The Shay
873,The Citadel
875,Highbury Stadium
876,The New Lawn
877,Craven Cottage
879,Gateshead International Stadium
880,Priestfield Stadium
881,New Meadow Park
883,Blundell Park
886,Beveree Stadium
887,The Exercise Stadium
889,Victoria Park
893,Vauxhall Road
895,Edgar Street
900,John Smith's Stadium
901,MKM Stadium
904,Portman Road
906,Aggborough
907,The Walks
909,Elland Road
910,King Power Stadium
913,Gaughan Group Stadium
914,LNER Stadium
915,Anfield
916,Kenilworth Road
917,Moss Rose
918,York Road
919,Etihad Stadium
920,Old Trafford
921,One Call Stadium
924,Riverside Stadium
925,The Den
926,Stadium mk
927,Mazuma Stadium
928,St James' Park
929,Rodney Parade
930,Sixfields Stadium
932,Carrow Road
933,The City Ground
934,Meadow Lane
936,Boundary Park
937,Court Place Farm
938,Kassam Stadium
939,Weston Homes Stadium
940,Home Park
941,Vale Park
942,Fratton Park
943,Deepdale
944,Loftus Road Stadium
946,Select Car Leasing Stadium
948,Crown Oil Arena
949,New York Stadium
951,Raymond McEnhill Stadium
952,Flamingo Land Stadium
953,Glanford Park
954,Bramall Lane
955,Hillsborough
956,Montgomery Waters Meadow
957,Arbour Park
958,The Automated Technology Group Stadium
959,St Mary's Stadium
960,Roots Hall
961,The Pure Stadium
962,Clarence Park
966,Longmead Stadium
967,The Lamex Stadium
968,Edgeley Park
969,bet365 Stadium
970,Stadium of Light
971,VBS Community Stadium
972,Swansea.com Stadium
973,County Ground
974,The Lamb Ground
975,Truro City Stadium
976,Plainmoor
977,Tottenham Hotspur Stadium
978,Prenton Park
979,The Brewery Field
980,Banks's Stadium
981,Vicarage Road
983,The Hawthorns
984,London Stadium
986,Bob Lucas Stadium
987,Brick Community Stadium
989,Laithwaite Community Stadium (Kingfield)
990,Molineux Stadium
993,The Windsor Stadium
994,STōK Cae Ras
995,Adams Park
996,Huish Park
999,Elva linnastaadion
1000,A. Le Coq Arena
1001,Kuressaare Linnastaadion
1003,Paide Linnastaadion
1004,Tamme Staadion
1007,A.Le Coq Arena
1008,Hiiu Staadion
1012,Kadrioru Staadion
1015,Kreenholmi Staadion
1021,Gradski Stadion Kavadarci
1033,Gradski Stadion Petar Milosevski
1034,Stadion Goce Delcev
1035,Nacionalna Arena Filip II Makedonski
1046,Ecolog Arena
1047,Sileks Stadion
1048,Stadion Chair
1051,Nacionalna Arena Tose Proeski
1056,Gundadalur
1064,Gundadalur
1066,Við Djúpumýrar
1070,Við Løkin
1078,Sarpugerði
1081,Í Fløtugerði
1084,Raatin stadion
1086,Tehtaan kenttä
1087,Tapiolan Urheilupuisto
1089,Veritas Stadion
1093,Pietarsaaren keskuskenttä
1096,Bolt Arena
1097,OmaSp Stadion
1098,Wiklöf Holding Arena
1102,Kokkolan keskuskenttä
1103,Väre Areena
1109,Mustapekka Areena
1114,Lemonsoft Stadion
1115,Brahen kenttä
1116,Stade Michel-Moretti
1118,Stade de l'Abbé-Deschamps
1119,Stade Pierre Brisson
1120,Stade Pierre-de-Coubertin
1121,Stade Maurice-Postaire
1122,Stade Louis-II
1123,Stade Marcel-Picot
1124,Stade Geoffroy-Guichard
1125,Stade Crédit Agricole la Licorne
1126,Stade Raymond Kopa
1128,Stade Léo-Lagrange
1129,Parc des Sports du Bram
1130,Stade Louis-Dugauguez
1133,Stade Gabriel-Montpied
1134,Stade Gaston-Gérard
1136,Stade de l'Aube
1137,Stade de Roudourou
1138,Matmut Atlantique
1139,Stade Jean-Laville
1140,Stade Parsemain
1141,Stade Francis-Turcan
1142,Stade Saint-Symphorien
1143,Stade de la Beaujoire
1144,Stade Robert Diochon
1145,Stade Auguste-Bonal
1146,Stade Louis-Michel
1147,Stadium Municipal
1148,Stade des Alpes
1150,Stade Gaston-Petit
1151,Stade Océane
1152,Stade Marie-Marvingt
1153,Stade Jean-Antoine-Moueix
1154,Decathlon Arena-Stade Pierre-Mauroy
1155,Stade du Moustoir
1156,Stade de la Mosson
1157,Stade des Antonins
1158,Allianz Riviera
1160,Groupama Stadium
1161,Orange Vélodrome
1163,Stade Charléty
1164,Parc des Princes
1165,Stade Bollaert-Delelis
1166,Stade de la Meinau
1167,Stade Paul-Lignon
1168,Stade Armand-Cesari
1169,Stade Michel-d'Ornano
1170,Stade de la Source
1171,Colmar Stadium
1172,Stade de Bon Rencontre
1173,Stade Francis-Le Blé
1174,Stade Francis Le Basser
1175,Roazhon Park
1176,Stade Auguste-Delaune
1177,Stade de la Vallée du Cher
1178,Stade de la Libération
1179,Stade Dominique-Duvauchelle
1182,Stade du Hainaut
1183,Complexe sportif du Pérenno
1185,Tengiz Burjanadze Stadium
1186,Adjarabet Arena
1187,Dinamo Arena
1188,Davit Petriashvilis Sakhelobis Stadioni
1191,Mikheil Meskhi Stadium II
1193,Erosi Manjgaladze Stadium
1196,Tamaz Stephania Stadium
1198,Ramaz Shengelia Stadium
1201,Fritz-Walter-Stadion
1203,RheinEnergieSTADION
1204,Avnet-Arena
1205,Max-Morlock-Stadion
1206,Ludwigsparkstadion
1207,Stadion An der Alten Försterei
1208,Mewa Arena
1209,Tivoli
1211,SchücoArena
1213,BayArena
1215,Allianz Arena
1217,SIGNAL IDUNA PARK
1219,Stadion im Borussia-Park
1222,Rudolf-Harbig-Stadion
1223,EINTRACHT-Stadion
1224,Deutsche Bank Park
1225,LEAG Energie Stadion
1226,Erzgebirgsstadion
1227,WWK ARENA
1228,Audi Sportpark
1231,Veltins-Arena
1232,Millerntor-Stadion
1236,MERKUR SPIEL-ARENA
1238,Volksparkstadion
1240,Heinz-von-Heiden-Arena
1241,Ostseestadion
1242,Olympiastadion Berlin
1244,Holstein-Stadion
1246,BBBank Wildpark
1247,Preußenstadion
1250,Schauinsland-Reisen-Arena
1253,Stadion an der Hafenstraße
1255,Europa-Park Stadion
1256,Home Deluxe Arena
1258,SPORTCLUB Arena
1259,Jahnstadion Regensburg
1262,Merck-Stadion am Böllenfalltor
1264,Ursapharm-Arena an der Kaiserlinde
1265,GP Stadion am Hardtwald
1266,Carl-Benz-Stadion
1267,BRITA-Arena
1268,Weserstadion
1269,Voith-Arena
1271,Sportpark Ronhof | Thomas Sommer
1272,Uhlsport Park
1276,PreZero Arena
1277,Städtisches Stadion an der Grünwalder Straße
1281,Stadion an der Lohmühle
1282,MHPArena Stuttgart
1283,WIRmachenDRUCK Arena
1284,Vonovia Ruhrstadion
1285,Bremer Brücke
1286,Volkswagen Arena
1289,Wacker-Arena
1293,AEL FC Arena
1295,OPAP Arena
1302,Gipedo Evosmou "Dimitris Kontikakis"
1308,Dimotiko Stadio Karditsas
1310,Gipedo "Kleanthis Vikelidis"
1312,Dimotiko Stadio "Anthi Karagianni"
1313,Stadio Peristeriou
1315,Stadio Diagora
1323,Dimotiko Gipedo Serron
1327,Dimotiko Stadio Ilioupolis
1329,Dimotiko Gipedo Neapolis
1330,AEL FC Arena
1331,Apostolos Nikolaidis
1336,Stadio Lamia "Athanasios Diakos"
1337,Stadio Livadias
1338,Gipedo Makedonikou
1342,Gipedo "Pantelis Magoulas"
1343,Gipedo Theodoros Vardinogiannis
1345,Stadio Georgios Karaiskakis
1349,Dimotiko Gipedo Egaleo "Stavros Mavrothalassitis"
1352,Toumba Stadium
1353,Stadio Zosimades
1355,Dimotiko Stadio Kalamatas
1356,Gipedo Panachaiki "Kostas Davourlis"
1357,DAK Argous
1358,Olympiakó Stádio Athinon "Spyros Louis"
1360,Gipedo Panetolikou
1361,Stadio Neas Smyrnis
1364,Dimotiko Stadio Rodou "Diagoras"
1365,Dimotiko Stadio Katerinis
1370,Dimotiko Stadio Verias
1373,Estadio Santa Lucía
1374,Estadio Marquesa de la Ensenada
1377,Estadio Cementos Progreso
1378,Estadio Manuel Felipe Carrera
1379,Estadio Los Cuchumatanes
1383,Estadio Mario Camposeco
1384,Estadio Yankel Rosenthal
1385,Estadio Nacional José de la Paz Herrera Uclés
1387,Estadio Excélsior
1388,Estadio Municipal Ceibeño Nilmo Edwards
1392,Estadio Francisco Morazán
1396,Mong Kok Stadium
1399,Kowloon Bay Park
1402,Mong Kok Stadium
1411,Révész Géza utca
1416,Bozsik Aréna
1417,Budaörsi SC Sporttelep
1418,Kórház utcai Stadion
1420,Nagyerdei Stadion
1421,DVTK Stadion
1424,Városi Sportcentrum
1425,Sóstói Stadion
1426,Városi Stadion
1427,Grosics Gyula Stadion
1428,Groupama Aréna
1429,ETO-Park
1431,Alcufer Stadion
1434,Pancho Aréna
1436,Pete András Stadion
1437,Széktói Stadion
1438,Alkotmány tér
1440,Új Hidegkuti Nándor Stadion
1443,Városi Stadion
1444,Fehérvári úti Stadion
1445,PMFC Stadion
1449,Haladás Sportkomplexum
1451,Promontor utcai Stadion
1452,Új Illovszky Rudolf Stadion
1457,Szusza Ferenc Stadion
1458,Malbikstöðin að Varmá
1459,Kópavogsvöllur
1460,Kaplakriki
1465,Kerecisvöllurinn
1466,Korinn
1470,Greifavöllurinn
1472,HS Orku völlurinn
1473,Víkingsvöllur
1474,KR-völlur
1476,Lambhagavöllurinn
1481,JÁVERK-völlurinn
1482,Samsung völlurinn
1487,N1 völlurinn
1491,Hasteinsvöllur
1495,ELKEM völlurinn
1496,Würth völlurinn
1500,Tilak Maidan Stadium
1501,Dempo Academy Ground
1506,Vivekanada Yuba Bharati Krirangan
1508,Kishore Bharati Krirangan Stadium
1518,Yud-Alef Stadion
1519,Teddy-Kollek-Stadion
1522,Doha Stadium
1523,Bloomfield
1524,Ness Ziona Stadium
1526,Acre Municipal Stadium
1528,Toto Jacob Turner Stadium
1532,Sammy Ofer Stadium
1533,Netanya Stadium
1534,Haberfeld Stadium
1535,Netanya Stadium
1536,Levita Stadium
1540,HaMoshava Stadium
1541,Levita Stadium
1542,Stadion Ramat Gan
1543,Bloomfield
1546,Yankele Grundman Stadium
1550,Sammy Ofer Stadium
1555,Miryam Stadium
1558,Pietro Barbetti
1560,Orogel Stadium - Dino Manuzzi
1563,Tullio Saleri
1564,Danilo Martelli
1566,San Siro
1571,Sandro Cabassi
1572,Artemio Franchi
1573,Artemio Franchi
1574,San Nicola
1575,Piercesare Tombolato
1576,Armando Picchi
1577,Porta Elisa
1578,Olimpico di Roma
1579,Alberto Picco
1580,Cino e Lillo Del Duca
1581,Gewiss Stadium
1582,Ciro Vigorito
1583,Stadio Renato Dall'Ara
1585,Unipol Domus
1586,Cibali - Angelo Massimino
1587,Giuseppe Sinigaglia
1588,Euganeo
1589,Carlo Castellani
1590,Ezio Scida
1592,Benito Stirpe
1593,Mario Rigamonti
1594,Luigi Ferraris
1595,Marcantonio Bentegodi
1596,Giuseppe Meazza
1597,Allianz Stadium
1598,San Filippo-Franco Scoglio
1599,Alberto Braglia
1600,Silvio Piola
1601,Comunale dei Marmi
1602,Ennio Tardini
1603,Renato Curi
1604,Adriatico
1605,Leonardo Garilli
1606,Arena Garibaldi
1608,Alfredo Viviani
1610,Bruno Benelli
1612,Oreste Granillo
1613,Romeo Neri
1614,Polisportivo Provinciale
1615,Paolo Mazza
1616,Domenico Francioni
1617,Romeo Menti
1620,Riviera delle Palme
1622,Diego Armando Maradona
1624,Arechi
1625,Alfredo Viviani
1628,Olimpico Grande Torino
1629,Stadio Nicola De Simone
1630,AlbinoLeffe Stadium
1633,Comunale Renzo Barbera "La Favorita"
1634,Giovanni Zini
1635,Pino Zaccheria
1636,Carlo Zecchini
1637,Ettore Giardiniero
1638,Giuseppe Moccagatta
1639,Giuseppe Voltini
1640,Mapei Stadium - Città del Tricolore
1641,Nereo Rocco
1642,Bluenergy Stadium
1643,Romeo Menti
1660,Denka Big Swan Stadium
1661,Best Denki Stadium
1662,Yodoko Sakura Stadium
1663,DAIWA HOUSE PREMIST Dome
1664,NINGINEER Stadium
1667,AJINOMOTO Stadium
1668,JFE Hare no Kuni Stadium
1669,Axis Bird Stadium
1670,PANASONIC Stadium Suita
1672,Fukuda Denshi Arena
1673,Yamaha Stadium
1674,Kashima Soccer Stadium
1675,SANKYO FRONTIER Kashiwa Stadium
1677,Uvance Todoroki Stadium by Fujitsu
1678,Sanga Stadium by KYOCERA
1679,K's denki Stadium Mito
1680,ND SOFT Stadium Yamagata
1681,Toyota Stadium
1682,MIKUNI WORLD Stadium Kitakyushu
1683,Crasus Dome Oita
1684,NACK5 Stadium Omiya
1685,EGAO Kenko Stadium
1687,EKIMAE REAL ESTATE Stadium
1690,EDION Peace Wing Hiroshima
1691,IAI Stadium Nihondaira
1692,Lemongas Stadium Hiratsuka
1697,Naruto Otsuka Sports Park POCARI SWEAT Stadium
1698,Ajinomoto Stadium
1699,Saitama Stadium 2002
1700,YURTEC Stadium Sendai
1701,JIT Recycle Ink Stadium
1702,NOEVIR Stadium Kobe
1704,NISSAN Stadium
1705,NHK Spring Mitsuzawa Stadium
1706,Central Stadium Aktobe
1707,Zentralstadion Taraz
1708,Astana Arena
1709,Sport Complex Munayshy
1710,Shakhter
1715,Gany Muratbayev Stadium
1717,Turkestan Arena
1718,Zentralstadion Shakhter
1719,Zentralstadion Kostanay
1720,Karasai
1721,Zhetysu
1722,Busan Gudeok Stadium (IPARK)
1724,Daegu iM Bank Park
1725,Daejeon World Cup Stadium
1726,Seoul World Cup Stadium
1728,Changwon Football Center
1729,Incheon Football Stadium
1730,Jeju World Cup Stadium
1731,Jeonju World Cup Stadium
1732,Pohang Steelyard
1733,Seongnam Tancheon Sports Complex
1734,Gangneung Sports Complex
1735,Suwon World Cup Stadium
1736,Ulsan Munsu Football Stadium
1739,Mežaparks SV
1741,LNK Sporta parks
1755,Sloka
1756,Pauzeru pļavas futbola laukums
1757,Jana Dalina stadions
1758,Ventspils Central Stadium
1764,Hanzas Vidusskolas laukums
1774,Gargždų miesto stadionas
1779,Jonavos dirbtines dangos stadionas
1780,Kėdainių miesto stadionas
1782,Marijampoles futbolo arena
1783,Savivaldybes stadionas
1786,FK Žalgiris namų stadionas
1791,Alytaus miesto stadionas
1792,Stade Émile Mayrisch
1794,Stade du Centre Sportif du Deich
1795,Stade Jos Nosbaum
1797,Stade de la Ville de Differdange
1798,Stade Jos Haupert
1800,Stade Alphonse Theis
1803,Stade Achille Hammerel
1815,Stadium Darul Aman
1817,Kuala Lumpur Stadium
1821,Tuanku Abdul Rahman Stadium
1824,Stadium Darul Makmur
1830,Majlis Perbandaran Selayang Stadium
1832,Stadium Likas
1834,Petaling Jaya Stadium
1837,Sultan Mizan Zainal Abidin Stadium
1840,Ta Qali
1843,Victor Tedesco Stadion
1844,Tony Bezzina Stadium
1856,Ta Qali
1862,Estadio Agustín Coruco Díaz
1863,Estadio Jalisco
1865,Estadio Akron
1866,Estadio Olímpico Universitario
1867,Estadio La Corregidora
1868,Estadio BBVA
1869,Estadio Hidalgo
1872,Estadio Azteca
1873,Estadio Universitario
1874,Estadio Victoria
1875,Estadio Territorio Santos Modelo Corona
1876,Estadio Olímpico Universitario
1877,Estadio Nemesio Díez Riega
1878,Estadio Cuauhtémoc
1879,Estadio Alfonso Lastras Ramírez
1881,Cricova teren sintetic
1889,CSR Orhei
1893,Sheriff Main Arena
1895,Zimbru Stadion
1901,Pod Goricom
1903,Tuško polje
1911,Gradski stadion Plav
1921,Gradski
1924,Tresnjica
1928,Complexe sportif de Fès
1929,Stade Municipal Berrechid
1933,Stade El Abdi
1934,Complexe Sportif Moulay Abdallah
1935,Stade Prince Moulay Hassan
1936,Stade Adrar
1939,Stade Ibn Batouta
1940,Sheikh Mohamed Laghdaf Stadium
1941,Stade de Marrakech
1942,Stade Municipal de Kénitra
1943,Stade du Complexe Sportif de Fès
1944,Stade Saniat-Rmel
1945,Stade de honneur de Oujda
1946,Complexe Sportif du Phosphate
1947,Stade El Massira
1948,Stade Père Jégo
1950,Stade Mohamed V
1952,Stade El Bachir
1959,Stade Mohamed V
1960,Bingoal Stadion
1963,AFAS Stadion
1964,Johan Cruijff ArenA
1966,Stadion "De Vijverberg"
1967,Stadion "De Vliert"
1968,M-Scores Stadion
1969,Jan Louwers Stadion
1970,De Oude Meerdijk
1971,Euroborg
1972,Sportpark Ter Specke
1973,Yanmar Stadion
1974,De Grolsch Veste
1975,Stadion "Galgenwaard"
1976,Kras Stadion
1977,MAC³PARK stadion
1978,Stadion Feyenoord "De Kuip"
1979,Fortuna Sittard Stadion
1980,De Adelaarshorst
1983,GS Staalwerken Stadion
1984,Asito Stadion
1985,Sportpark "De Westmaat"
1986,Sportpark Nieuw Zuid
1987,Stadion "De Geusselt"
1988,Rat Verlegh Stadion
1989,Goffertstadion
1990,Philips Stadion
1992,Mandemakers Stadion
1993,Parkstad Limburg Stadion
1994,Van Donge &amp; De Roo Stadion - Woudestein
1995,Kooi Stadion
1996,Abe Lenstra Stadion
1997,Sportpark De Westmaat
1998,Sparta-stadion - Het Kasteel
1999,Frans Heesen Stadion
2000,711 Stadion
2003,Covebo Stadion - De Koel
2004,GelreDome
2005,Koning Willem II Stadion
2025,Kiwitea Street
2055,Solitude
2057,The Showgrounds
2059,Seaview
2069,The Bet McLean Oval
2075,Inver Park
2077,Windsor Park
2093,Color Line Stadion
2095,Bryne Stadion
2097,Aspmyra Stadion
2098,Haugesund Sparebank Arena
2100,Fredrikstad Stadion
2101,Briskeby Stadion
2102,AKA Arena
2103,Sparebanken Sør Arena
2104,Nye Høddvoll Stadion
2105,Gjemselund
2106,Åråsen stadion
2108,Aker Stadion
2109,Consto Arena
2112,Skagerak Arena
2114,Lerkendal Stadion
2115,Brann Stadion
2116,Jotun Arena
2117,Øster Hus Arena
2118,Sarpsborg Stadion
2119,EXTRA Arena
2120,Fosshaugane Campus
2121,Nadderud
2122,Marienlyst Stadion
2123,Strømmen Stadion
2124,Romssa Arena
2125,Lyse Arena
2126,Intility Arena
2127,Estadio Rommel Fernández Gutiérrez
2128,Estadio San Cristóbal
2130,COS Sports Plaza
2131,Complejo Deportivo Los Andes No.2
2132,Estadio Armando Dely Valdés
2135,Estadio Agustín Sánchez
2136,Estadio Rommel Fernández Gutiérrez
2137,Estadio Leandro Ovelar
2138,Estadio Río Parapití
2140,Estadio General Pablo Rojas
2142,Estadio Rogelio Livieres
2143,Estadio Dr. Nicolás Leoz
2144,Estadio Arsenio Erico
2147,Estadio Luis Alfonso Giagni
2148,Estadio Manuel Ferreira
2150,Estadio Feliciano Cáceres
2151,Estadio Martín Torres
2152,Estadio Toribio Vargas
2156,Estadio Aliardo Soria
2158,Estadio Alejandro Villanueva
2163,Estadio Campeonísimo
2165,Estadio Mansiche
2168,Estadio Campeones del 36
2169,Estadio Campeones del 36
2173,Estadio Municipal de Chorrillos
2174,Estadio Huancayo
2178,Estadio Municipal de Chorrillos
2181,Estadio Monumental de la UNSA
2185,Estadio Carlos Samamé Cáceres
2188,Estadio Heraclio Tapia León
2192,Estadio Miguel Grau del Callao
2193,Estadio Rosas Pampa
2194,Estadio Alberto Gallardo
2195,Estadio Municipal de Huamachuco
2197,Estadio César Acuña Peralta
2199,Estadio Hugo Sotil Yerén
2200,Estadio Municipal Germán Contreras Jara
2201,Estadio Monumental de Lima
2203,Estadio Carlos Vidaurre García
2208,Stadion Miejski w Łodzi im. Władysława Króla
2214,Stadion GOSiR
2219,Stadion GOS
2220,Stadion Chojniczanki
2221,Stadion Cracovii im. Józefa Piłsudskiego
2228,GIEKSA Arena
2229,Stadion Miejski w Jastrzębiu-Zdroju
2230,Arena Katowice
2234,Arena BOGDANKA
2235,Stadion Miejski w Polkowicach
2237,Arena Zabrze
2239,Stadion Miejski Hutnik Kraków
2240,Chorten Arena
2241,Stadion Bruk-Bet
2244,Stadion Miejski w Niepołomicach
2245,Miejski Stadion Sportowy KSZO w Ostrowcu Świętokrzyskim
2251,Exbud Arena
2253,Stadion Miejski im. Sebastiana Karpiniuka
2256,Enea Poznań
2257,Polsat Plus Arena Gdańsk
2259,Stadion Miejski im. Marszałka Józefa Piłsudskiego
2260,Stadion Miejski w Kluczborku
2262,Stadion im. Orła Białego
2264,Motor Lublin Arena
2268,Stadion OSiR w Olsztynie
2269,Itaka Arena
2272,Stadion Miejski w Elblągu
2276,Stadion Miejski w Łowiczu
2277,Stadion Miejski w Gliwicach
2278,Stadion Miejski w Bielsku-Białej
2280,Stadion Miejski im. Floriana Krygiera
2281,Stadion Polonii Bytom
2283,Stadion Polonii Warszawa im. gen. Kazimierza Sosnkowskiego
2285,Stadion im. Braci Czachorów
2286,Miejski Stadion Piłkarski Raków
2288,Stadion Miejski w Rzeszowie
2291,Superauto.pl Stadion Śląski
2293,Stadion im. Ojca Wladyslawa Augustynka
2298,Stadion Miejski "STAL" w Rzeszowie
2300,Podkarpackie Centrum Piłki Nożnej w Stalowej Woli
2310,Stadion Dyskobolii Grodzisk Wielkopolski
2311,Stadion Widzewa
2315,Stadion MOSiR w Puławach
2316,Stadion Miejski im. Henryka Reymana
2317,Orlen Stadion im. Kazimierza Górskiego
2319,Stadion ROSRRiT
2320,KGHM Zagłębie Arena
2324,Stadion Znicza
2326,Estádio Municipal de Arouca
2328,Estádio do Lusitânia FC Lourosa
2329,Estádio Cidade de Coimbra
2330,Complexo Desportivo do FC Alverca
2337,Estádio Eng. Manuel Branco Teixeira
2339,Estádio António Coimbra da Mota
2343,Estádio do Dragão
2344,Estádio Marcolino de Castro
2345,Estádio Cidade de Barcelos
2347,Estádio do Mar
2348,Estádio do Marítimo
2349,Estádio C. J. de Almeida Freitas
2350,Estádio da Madeira
2355,Estádio Capital do Móvel
2356,Estádio Municipal 25 de Abril
2357,Estádio Municipal de Portimão
2358,Estádio do Rio Ave FC
2359,Estádio Municipal José dos Santos Pinto
2362,Estádio da Luz
2363,Estádio de São Miguel
2364,Estádio José Alvalade
2365,Estádio Municipal de Braga
2366,Estádio do CD Trofense
2367,Estádio Carlos Osório
2368,Estádio Municipal Dr. Magalhães Pessoa
2369,Estádio do Varzim SC
2370,Estádio D. Afonso Henriques
2371,Estádio do Bonfim
2372,Estádio do Futebol Clube de Vizela
2382,Hamad bin Khalifa Stadium
2383,Grand Hamad Stadium
2384,Thani Bin Jassim Stadium
2385,Al Khor Stadium
2386,Al-Khor Stadium
2387,Al-Markhiya Stadium
2389,Ahmed bin Ali Stadium
2390,Ahmad bin Ali Stadium
2391,Jassim Bin Hamad Stadium
2392,Al-Gharafa Stadium
2393,Abdullah bin Khalifa Stadium
2394,Fort Stadium
2395,Al-Janoub Stadium
2396,Khalifa International Stadium
2397,Suheim Bin Hamad Stadium
2398,Athlone Town Stadium
2400,Dalymount Park
2401,Carlisle Grounds
2403,St. Colman's Park
2404,Turner's Cross
2405,Ryan McBride Brandywell Stadium
2406,Sullivan &amp; Lambe Park
2407,Oriel Park
2408,Finn Park
2409,Eamonn Deacy Park
2418,Tallaght Stadium
2419,Tolka Park
2420,The Showgrounds
2423,Richmond Park
2426,UCD Bowl
2427,The RSC
2431,Francisc von Neumann (2020)
2436,Dr. Constantin Rădulescu
2440,Concordia
2443,1 Mai
2450,Ceahlăul
2453,Orasenesc
2455,Arcul de Triumf (2021)
2460,Iuliu Bodola
2461,Municipal Botoșani
2466,Central - Complex Gheorghe Hagi
2471,Eugen Popescu
2480,Gloria
2483,Ilie Oană (2011)
2484,Emil Alexandrescu
2485,CNAF Buftea - sintetic
2486,Superbet Arena - Giulești
2489,Steaua
2492,Cluj Arena
2493,Ion Oblemenco (2017)
2499,VEB Arena
2503,VTB-Arena
2507,Stadion Krasnodar
2508,Rostov Arena
2514,RZD Arena
2523,Ak Bars Arena
2530,Lukoil Arena
2540,Gazprom Arena
2551,Campo Sportivo di Dogana
2552,Campo Sportivo di Borgo Maggiore
2553,Stadio di Domagnano
2554,Campo Sportivo di Fiorentino Federico Crescentini
2555,Campo Sportivo Guido Della Valle
2556,Campo Sportivo di Domagnano
2557,Igor Crescentini
2558,Campo Sportivo di Fiorentino Federico Crescentini
2559,Campo sportivo di Fonte dell'Ovo
2560,Campo Sportivo di Montecchio
2561,Campo Sportivo di Falciano
2562,Stadio Fonte dell'Ovo
2563,Campo Sportivo di Chiesanuova
2565,Campo Sportivo di Acquaviva
2566,Prince Sultan bin Abdulaziz Sports City
2567,Al-Hazem Club Stadium
2568,King Abdullah Sports City
2569,Al-Ettifaq Club Stadium
2570,Kingdom Arena
2572,Al Majma'ah Sports City Stadium
2573,Al-Awwal Park
2574,Prince Mohamed bin Fahd Stadium
2575,King Abdullah Sports City
2576,Prince Turki bin Abdul Aziz Stadium
2577,Al-Shabab Club Stadium
2578,King Abdullah Sports City
2579,King Abdulaziz Sports City
2580,Al-Fateh Stadium
2582,Pittodrie Stadium
2583,Albert Bartlett Stadium
2585,Indodrill Stadium
2586,Galabank Stadium
2587,Gayfield Park
2588,Somerset Park
2594,Celtic Park
2595,New Douglas Park
2596,Balmoral Stadium
2601,Moreroom.com Stadium
2602,Kilmac Stadium at Dens Park
2603,Tannadice Park
2604,KDM Group East End Park
2608,The Falkirk Stadium
2611,Cappielow Park
2613,ZLX Stadium
2614,Tynecastle Park
2616,Easter Road Stadium
2618,Tulloch Caledonian Stadium
2621,BBSP Stadium, Rugby Park
2622,Home of the Set Fare Arena
2625,Links Park
2626,Fir Park
2628,The Energy Check Stadium at Firhill&nbsp;
2632,Palmerston Park
2633,Hampden Park
2634,Stark's Park
2635,Ibrox Stadium
2636,Global Energy Stadium
2637,McDiarmid Park
2638,The SMISA Stadium
2640,Forthbank Stadium
2645,SC Mladost Pančevo
2646,Stadion Cukaricki
2651,Stadion Borca
2655,Rajko Mitić
2663,Stadion Dubocica
2664,Stadion kraj Moravice
2665,Toyo Tires Arena
2666,Gradski stadion Jagodina
2667,Gradski stadion Novi Pazar
2671,Stadion Kralj Petar Prvi
2672,Čika Dača Stadion
2675,Radomir Antic Stadium
2677,Borkovačka dolina
2678,Stadion FK Smederevo
2682,Stadion Voždovac
2683,Gradski stadion Zemun
2688,Stadion FK Metalac
2691,SRC Mr Radoš Milovanović
2692,Stadion Mladost
2696,Partizan Stadium
2698,Stadion Čair
2700,Dragan Nikolić
2704,Gradski Stadion Subotica
2706,Stadion Karadjordje
2708,Jurong East Stadium
2709,Bishan Stadium
2710,Jalan Besar Stadium
2727,Štadión Sihoť
2729,MOL Aréna
2731,Štadión SNP Štiavničky
2741,Štadión pod Dubňom
2744,Kosicka futbalova arena (KFA)
2746,Štadión pod Čebraťom
2748,Mestský štadión Zemplín
2751,NFS - Tehelné Pole
2753,City Aréna - Štadión Antona Malatinského
2756,Sportni park Aluminij
2758,Bonifika
2762,Stadion Z'dežele
2765,Stadion Dobrava
2766,Športni park Gorica
2771,Športni park Domžale
2778,Ljudski Vrt
2779,Mestni stadion Fazanerija
2781,Ajdovščina City Stadium
2782,Športni park Radomlje
2785,Športni park Lendava
2786,Stadion Stožice
2788,Sportni center Kranj
2791,Kings Park Soccer Stadium
2792,Peter Mokaba Stadion
2794,Thohoyandou Stadium
2804,Mpumalanga Stadium
2808,FNB-Stadium
2809,Loftus Versfeld Stadium
2810,Harry Gwala Stadium
2811,Volkswagen Dobsonville Stadium
2815,Orlando Stadium
2820,Lucas Masterpieces Moripe Stadium
2822,Danie Craven Stadium
2826,Santo Domingo
2827,Alfonso Murube
2828,Juan Carlos Higuero
2829,Carlos Belmonte
2830,Nuevo Mirador
2832,Estadi Nacional d'Andorra
2833,Príncipe Felipe
2834,San Mamés
2835,Riyadh Air Metropolitano
2836,Cerro del Espino
2837,Municipal de Premià de Dalt
2838,Nuevo Lasesarre
2839,Johan Cruyff
2842,El Plantío
2843,Nuevo Vivero
2844,El Sadar
2845,Instalaciones de Tajonar
2847,Gestaser El Collao
2849,Balear
2850,O Vao
2852,Pedro Escartín
2853,Luis Ramos
2854,Butarque
2856,Anxo Carro
2857,Los Pajaritos
2859,Anduva
2862,Pinilla
2863,Heliodoro Rodríguez López
2865,Municipal de L'Hospitalet
2866,Nova Creu Alta
2867,Cartagonova
2868,SkyFi Castalia
2869,Abanca Balaídos
2870,Barreiro
2871,Miramar
2872,Salto del Caballo
2873,Reino de León
2874,Nuevo Mirandilla
2875,Bahrain Victorious Nuevo Arcángel
2876,Mendizorroza
2877,Abanca Riazor
2879,Manuel Martínez Valero
2880,Olímpic Lluís Companys
2881,Fernando Torres
2882,Ciudad Deportiva Santos de la Parra
2883,Coliseum
2884,Nou Estadi Costa Daurada
2885,Montilivi
2887,Nuevo Los Cármenes
2888,José Rico Pérez
2889,Ciutat de València
2892,Las Gaunas
2896,Álvarez Claro
2898,La Rosaleda
2901,Los Arcos
2902,Municipal de Reus
2904,San Francisco
2906,El Toralín
2907,Pasarón
2909,RCDE Stadium
2910,Ciutat Esportiva Dani Jarque
2911,Mallorca Son Moix
2913,A Malata
2914,El Sardinero
2915,Instalaciones Nando Yosu-La Albericia
2916,Estadio de Vallecas
2917,Ciudad de La Línea
2918,Benito Villamarín
2919,Ciudad Deportiva Luis del Sol
2920,La Victoria
2921,Santiago Bernabéu
2923,Enrique Roca de Murcia
2925,Carlos Tartiere
2926,Reale Arena
2927,Instalaciones de Zubieta
2928,El Molinón - Enrique Castro Quini
2930,Stadium Gal
2931,José Zorrilla
2932,Ciudad Deportiva Rayo Vallecano
2933,La Romareda
2935,Urritxe
2936,Ipurua
2937,El Alcoraz
2939,Palladium Can Misses
2942,Jesús Navas
2943,Ramón Sánchez-Pizjuán
2944,El Prado
2945,Olímpic de Terrassa
2946,La Fuensanta
2947,Power Horse Stadium
2948,Anexo de los Juegos Mediterráneos
2951,Estadio de Gran Canaria
2953,Municipal de Marbella
2955,Helmántico
2960,Narcís Sala
2962,Mestalla
2965,Municipal Villanovense
2966,La Cerámica
2967,La Cerámica
2968,Chapín
2969,Ruta de la Plata
2972,Strawberry Arena
2976,Bravida Arena
2977,Bodens Energi Arena
2979,Sollentunavallen
2980,Stora Valla
2981,3Arena
2985,Edsborgs IP
2986,Tunavallen
2987,Falcon Alkoholfri Arena
2989,Studenternas IP
2992,Gamla Ullevi
2994,NP3 Arena
2995,Gavlevallen
2998,Örjans Vall
3001,Olympia
3005,Grimsta IP
3006,Borås Arena
3014,Platinumcars Arena
3017,Finnvedsvallen
3018,Borlänge Energi Arena
3019,Rimnersvallen
3020,Studenternas
3024,Stadsparksvallen
3025,Guldfågeln Arena
3029,Landskrona IP A-plan
3034,Klostergårdens IP
3036,Eleda Stadion
3037,Strandvallen
3038,Motala IP
3043,LF Arena
3047,Jernvallen
3050,Södermalms IP
3054,Vångavallen
3055,Umea Energi Arena SOL
3057,Skytteholms IP
3059,Hitachi Energy Arena
3062,Behrn Arena
3063,Påskbergsvallen
3064,Gamla Ullevi
3065,Visma Arena
3066,Jämtkraft Arena
3067,Kopparvallen
3068,Stadio comunale Bellinzona
3069,Stadio di Cornaredo
3070,Stadion Wankdorf
3072,Stadion Brügglifeld
3073,St. Jakob-Park
3075,Tissot Arena
3078,Stade de la Tuilière
3080,swissporarena
3081,FCS Arena
3082,Tourbillon
3083,Centre sportif de Colovray
3084,Stockhorn Arena
3085,Rheinpark Stadion
3086,Lidl Arena
3087,Schützenwiese
3089,Stadion Letzigrund
3090,Stadion Letzigrund
3092,Stade de la Maladière
3093,Eizmoos
3094,Kleinfeld
3095,La Blancherie
3096,Stade de Genève
3097,kybunpark
3099,Stade Municipal
3110,Stade Abdelaziz Chtioui
3111,Stade Bou Kornine
3112,Stade Taïeb Mhiri
3113,Stade Olympique Hammadi Agrebi
3114,Stade du 15 Octobre
3115,Stade Bouali Lahwar
3116,Stade olympique de Gafsa
3121,Boujemaa Kmiti
3122,Stade du Zrig
3123,Stade Hedi Ennaifer
3124,Stade Mustapha Ben Jennet
3125,Stade Olympique de Sousse
3127,Gümüşhane Yenişehir
3129,Yeni Adana Stadyumu
3132,Gain Park Stadyumu
3134,Altınordu Metin Oktay Yerleşkesi
3135,Gürsel Aksel Stadyumu
3136,Eryaman Stadyumu
3138,Corendon Airlines Park Antalya Stadı
3141,Tüpraş Stadyumu
3145,Bolu Atatürk
3147,Yüzüncü Yıl Atatürk Stadyumu
3150,Denizli Atatürk Stadı
3153,Elazığ Stadyumu
3154,13 Şubat Şehir Stadı
3155,Erzurum Kazım Karabekir
3156,Eskişehir Yeni Stadyum
3158,Recep Tayyip Erdoğan Stadyumu
3159,Atatürk Olimpiyat
3160,Ülker Stadyumu FB Şükrü Saraçoğlu Spor Kompleksi
3161,Fethiye İlçe
3163,Ali Sami Yen Spor Kompleksi RAMS Park
3165,Gaziantep Stadyumu
3168,Eryaman Stadyumu
3169,Çotanak Spor Kompleksi
3172,Mersin Stadyumu
3173,İnegöl İlçe Stadyumu
3176,Esenyurt Necmi Kadıoğlu Stadyumu
3183,Recep Tayyip Erdoğan Stadyumu
3184,Merkez 1 Nolu Sentetik Çim Saha
3185,RHG Enertürk Enerji Stadyumu
3186,Yıldız Entegre Kocaeli Stadyumu
3187,Medaş Konya Büyükşehir Stadyumu
3192,Yeni Malatya Stadyumu
3199,Pazar İlçe Stadyum
3200,Pendik Stadı
3201,Yeni Sakarya Atatürk Stadyumu
3202,Samsun Yeni 19 Mayıs
3204,BG Grup 4 Eylül Stadyumu
3207,Papara Park
3208,Turgutlu Yeni Şehir Stadı
3210,Uşak 1 Eylül
3212,Kırşehir Ahi
3216,Çaykur Didi
3217,Çorum Şehir Stadyumu
3222,Bukovyna
3224,Stadion Chornomorets (2011)
3230,Valeriy Lobanovsky Stadion
3237,Molodizhnyi
3238,MCS Rukh
3243,Stadion im. Volodymyra Boyko
3245,Ukraina
3249,Yunist
3251,Girnyk
3253,Arena Livyi Bereg
3258,Miskyi stadion im. R. Shukhevycha
3260,Obolon-Arena
3262,NTK im. B. M. Bannikova
3264,KSK Nika
3266,SK Podillya
3268,Arena Lviv
3275,Stadion Avangard (2022)
3277,Vorskla im. Oleksiy Butovskyi
3281,Valeriy Lobanovsky Stadion
3282,Shaikh Rashid bin Saeed Stadium (Ajman Stadium)
3283,Al-Rashid Stadium
3284,Hazza Bin Zayed Stadium
3285,Mohammed Bin Zayed Stadium
3286,Al-Maktoum Stadium
3289,Al-Nahyan Stadium
3290,Zabeel Stadium
3291,Sheikh Hamdan bin Zayed Al-Nahyan Stadium
3293,Emirates Club Stadium
3294,Baniyas Stadium
3297,Sharjah Stadion
3298,Inter&amp;Co Stadium
3299,Toyota Field
3300,Yankee Stadium
3301,Sahlen’s Stadium at WakeMed Soccer Park
3302,Patriots Point Soccer Complex
3303,Bank of America Stadium
3304,Soldier Field
3305,Championship Soccer Stadium
3306,Dick's Sporting Goods Park
3307,Lower.com Field
3309,Audi Field
3310,Toyota Stadium
3312,Shell Energy Stadium
3313,Children's Mercy Park
3314,Dignity Health Sports Park
3315,Chase Stadium
3316,Allianz Field
3317,Gillette Stadium
3318,Red Bull Arena
3319,Highmark Stadium
3320,Providence Park
3321,Mercedes-Benz Stadium
3322,America First Field
3323,City Stadium
3325,PayPal Park
3326,Lumen Field
3327,BMO Field
3328,Al Lang Stadium
3330,Estadio Nasazzi
3331,Estadio Luis Tróccoli
3332,Campeón del Siglo
3333,Estadio Saroldi
3334,Estadio Parque Maracaná
3335,Estadio Arquitecto Antonio Eleuterio Ubilla
3336,Gran Parque Central
3337,Estadio Jardines del Hipódromo María Mincheff de Lazaroff
3338,Estadio Luis Franzini
3340,Estadio Belvedere
3341,Estadio Parque Alfredo Victor Viera
3342,Estadio Osvaldo Roberto
3343,Estadio Olímpico (Montevideo)
3344,Complejo Rentistas
3345,Estadio Parque Capurro
3346,Bunyodkor Stadium
3347,JAR Stadium
3349,JAR Stadium
3350,Bobur Arena
3351,Stadion Istiklol
3352,Dinamo
3354,Dustlik Stadion
3355,Bakhrom Vafoev Stadion
3357,Markaziy stadioni
3358,Markaziy stadioni
3360,Dinamo
3361,Xorazm Sport majmuasi
3362,Estadio Olímpico Hermanos Ghersi Páez
3363,Estadio Ramón Hernández
3364,Polideportivo Misael Delgado
3365,Estadio Olímpico de la Ciudad Universitaria
3367,Estadio Olimpico Nacional Brigido Iriarte
3368,Estadio Polideportivo de Pueblo Nuevo
3370,Estadio Metropolitano de Mérida
3371,Estadio Farid Richa
3373,CTE Cachamay
3374,Estadio José Alberto Pérez
3375,Estadio Monumental de Maturín
3377,Florentino Oropeza
3378,Estadio Agustín Tovar
3379,Sede Deportiva Lino Alonso
3383,Hollingsworth Group International Airfield
3385,Maes Tegid
3387,Jenner Park
3392,SDM Glass Stadium
3393,Globe Way
3395,The Oval
3402,Essity Stadium
3408,Essity Stadium
3415,Bridge Meadow Stadium
3420,Stebonheath Park
3429,Latham Park
3436,Bastion Road
3439,Maes Tegid
3444,Meadow Park
3445,Princes Park
3446,Subaru Park
3447,Armand Melis Stadion
3466,Estadio Caliente
3469,Azadi Sport Complex
3470,Hafezieh Stadium
3471,Foolad Arena
3472,Sirous Ghayeghran Stadium
3473,Shahid Raeisi Kerman
3474,Imam Reza Stadium
3479,Shahid Dastgerdi Stadium
3480,Takhti Abadan Stadium
3481,Naghsh-e-Jahan Stadium
3484,Yadegar-e-Emam Tabriz
3485,Foolad Shahr Stadium
3486,Stadion Kanjuruhan
3487,Stadion Gelora Delta
3489,Gelora Bangkalan
3491,Stadion Gelora Bandung Lautan Api
3495,Jakarta International Stadium
3497,Stadion Mandala
3499,Stadion Segiri
3502,Stadion Haji Agus Salim
3503,Stadion Gelora Sriwijaya
3504,Agyeman Badu Stadium
3505,Baba Yara Sports Stadium
3507,Golden City Park
3511,Kpando Park
3512,Accra Sports Stadium
3513,Baba Yara Sports Stadium
3515,Tarkwa T&amp;A Park
3518,Tamale Stadium
3522,Nana Gyeabour's Park
3523,Estádio de Calulo
3524,22 De Junho
3525,Estádio 11 de Novembro
3526,22 De Junho
3527,Estádio 11 de Novembro
3530,Estádio Sagrada Esperança
3532,Estádio dos Coqueiros
3533,Estádio Mundunduleno
3538,Estádio do Buraco
3540,Paul-Grüninger-Stadion
3542,Hristo Botev
3547,Sundby Idrætspark
3556,Stadion Gjorce Petrov
3572,Stade Municipal de Berkane
3573,Stade honneur de Beni Mellal
3574,Stade Ahmed Achhoud
3577,Nelson Mandela Bay Stadium
3585,Azam Complex
3598,Akure Township Stadium
3599,Adokiye Amiesimaka Stadium
3601,Sani Abacha Stadium
3602,Nnamdi Azikiwe Stadium
3605,Aper Aku Stadium
3606,Enyimba International Stadium
3607,Kwara Sports Complex
3608,Dan Anyiam Stadium
3609,Bako Kontagora Stadium
3612,Lekan Salami Stadium
3615,Rwang Pam Stadium
3643,Comunale Chiavari
3645,Rigamonti-Ceppi
3648,Carlo Speroni
3649,Città di Meda
3660,Nicola Ceravolo
3679,Q2 Stadium
3685,Yunost
3702,Estádio João Cardoso
3704,Bravida Arena
3712,Sparkasse Horn Arena
3715,Stade Bauer
3723,O Couto
3729,Las Gaunas
3730,Hermanos Antuña
3732,La Constitución
3734,El Palmar
3735,Ciudad de Tudela
3739,Merkatondoa
3741,Jessheim Stadion
3742,TUIL Arena
3743,AJ Arena
3748,Stadions Esplanade
3753,Libero Liberati
3754,Silvio Piola
3755,Nou Camp
3756,Estadio Miguel Alemán Valdez
3758,Estadio Dorados
3766,Estadio Marte Rodolfo Gómez Segura
3770,Gipedo Rizoupolis "Georgios Kamaras"
3779,Druso
3781,Partenio-Adriano Lombardi
3782,Tullo Morgagni
3783,Pier Luigi Penzo
3787,Ettore Mannucci
3789,Brianteo
3812,Stadion Miejski im. Edwarda Mikusińskiego w Tarnobrzegu
3818,Tersztyánszky Ödön Sportközpont
3834,Chang Arena
3835,Chonburi Daikin Stadium
3840,Khao Plong Stadium
3841,Singha Chiangrai Stadium
3843,Thunder Dome Stadium
3848,PAT Stadium
3853,Estádio Municipal do Tafe
3856,Stade 20 Août 1955
3857,SUNPRO Alwin Stadium
3858,Machida GION Stadium
3861,Changwon Football Center
3862,Cheonan Sports Complex
3864,Gyeongju Civic Stadium
3866,Gimhae Sports Complex
3868,Daejeon World Cup Auxiliary Stadium
3869,Mokpo Football Center
3870,Suwon Sports Complex
3874,ANSAN WA~ STADIUM
3875,Tonglianglong Stadium
3878,Gelora Bung Tomo
3882,Gelora Joko Samudro
3883,Stadion Baharoeddin Siregar
3889,Hajer Club Stadium
3891,Kalba Club Stadium
3895,Godswill Akpabio International Stadium
3898,Abubarkar Tafawa Balewa Stadium
3899,El Salam Stadium
3901,Mahalla Stadium
3902,Nueva Chicago
3903,Comandante Andrés Guacurarí
3904,Eva Perón
3905,Miguel Morales
3906,Estadio Félix Capriles Sainz
3908,Arena Joinville
3909,Estádio Rei Pelé
3912,Municipal de Lo Barnechea
3913,Estadio La Independencia (Tunja)
3914,Estadio Departamental Libertad
3915,Estadio Bellavista
3918,Estadio Municipal de la Juventud
3919,Estadio Municipal de Chorrillos
3922,Parque Palermo
3923,Estadio Juventud Parque Artigas
3926,Estadio General José Antonio Páez
3934,Estadio Francisco Martínez Durón
3936,Estadio Las Delicias
4008,Benjamini Mkapa National Stadium
4012,Kwaraa Stadium
4015,Estadio Campeones Olímpicos de Florida
4016,Estadio Domingo Burgueño Miguel
4018,Parque Palermo
4019,Parque Cincuentenario Juan Gaspar Prandi
4021,Parque Angel Fossa
4022,Estadio Ingeniero Raúl Goyenola
4023,Parque Abraham Paladino
4026,Yadegar-e-Emam Tabriz
4027,Shahid Haji Babaei Hamedan
4028,Vatani Stadium
4033,Behnam Mohammadi Stadium
4038,Yunost
4040,Gorodskoy
4043,Sakkestad gras
4045,Nordmøre stadion
4049,Phoenix Rising Soccer Stadium
4065,Stade du 26 Mars
4088,Alashkert Stadium
4091,Your Co-Op Community Stadium
4093,The Aspect Arena
4096,Estádio de São Luís
4097,Estádio Municipal do Fontelo
4098,Benfica Campus
4099,Estádio da Medideira
4100,Estádio Luís Filipe Menezes
4103,Stade Yvan Georges
4104,Balıkesir Atatürk
4106,Red Bull Arena
4108,Dinamo-Auto
4111,Stade Marcel-Tribut
4116,Peace Stadium connected by SoftBank
4117,Sportpark De Toekomst
4121,Sportcomplex Seminarie
4122,Estadio Genacio Sálice
4123,Lorenzo Arandilla
4126,Bucheon Sports Complex
4127,Anyang Sports Complex Stadium
4128,Estádio do Ferroviário da Huíla
4133,Stadion Zoran Paunov
4136,Giuseppe Sivori
4142,Vanni Sanna
4155,Gipedo Episkopis "Theodoros Vardinogiannis"
4156,Dimotiko Gipedo Perivolion
4162,Mladost
4166,Gradski Stadion Surdulica
4167,Gradski Stadion
4173,Estadio Tecnológico de Oaxaca
4174,Municipal d'Olot
4180,Estádio Leônidas Sodré de Castro
4182,Arena Condá
4184,Estadio CDI José Joaquín Colleya Fonseca
4189,Stade Ismaïl Makhlouf
4192,Estadio Armando Maestre Pavajeau
4196,PSV Campus De Herdgang
4199,Olímpico Atahualpa
4204,Estadio Agustín Muquita Sánchez
4213,Spitalacker
4229,Heart Health Park
4231,Michael A. Carroll Stadium
4234,Tammelan Stadion
4241,Victoria Stadium
4244,Victoria Stadium
4255,Lokomotiv
4271,80th Anniversary Stadium
4272,Grand Hamad Stadium
4284,Umuahia Township Stadium
4287,El-Kanemi-Stadion
4289,Samson Siasia-Stadium
4290,Lafia Township Stadium
4291,Liv Bona Dea Arena
4292,Estadio Juan Francisco Barraza
4293,Estadio Municipal Passo das Emas
4294,Estádio Governador João Castelo - Castelão
4300,Estadio Juan Maldonado Gamarra
4301,Estadio Luis Alberto Salinas Tanasio
4302,Estadio Olímpico de Riobamba
4304,Parque Estadio Olaya Herrera
4308,Estadio Olímpico de la Ciudad Universitaria
4310,Stade Municipal de Metlaoui
4320,Stade Walter-Luzi
4322,Stade René Fenouillère
4324,Prince Nayef bin Abdulaziz Stadium
4331,Enghelab Karaj
4333,The Freebets.co.uk Stadium
4335,Mill Farm
4336,Victory Park
4345,Estadio Humberto Micheletti
4370,Arena Sozopol
4375,Raiffeisen Arena
4377,Estadio David Cordón Hichos
4378,Green Stadium
4380,Chele Arena
4384,Anghel Iordanescu
4391,Accra Sports Stadium
4396,Estadio Olímpico Patria
4398,Sree Kanteerava Stadium
4400,SSA Stadium
4401,Jawaharlal Nehru Stadium
4402,Grünfeld
4406,Szamosi Mihály Sporttelep
4413,Municipal General San Martín
4415,Alfredo Martín Beranger
4416,Juan Pablo Francia
4419,Cyncoed Campus
4420,Old Road
4425,Stadion FK Mačva
4429,Stadion Brawijaya
4431,Stadion Gelora B. J. Habibi
4436,Les Caleyes
4437,Anexos al José Zorrilla
4456,Comunale Città di Gorgonzola
4463,Alberto Pinto
4464,San Vito-Luigi Marulla
4469,CFIG Arena
4470,Stadion FCT Kvapilova
4477,Stade Ahmed Fana
4479,Stade Municipal de Khénifra
4481,Nou Estadi Municipal de Cornellà
4482,BeSoccer La Condomina
4483,Nuevo Pepico Amat
4484,La Eragudina
4486,Ganzábal
4487,Paquito Jiménez
4490,Verónica Boquete de San Lázaro
4494,Alyn Park
4954,Stadion Miejski imienia Grzegorza Lato w Mielcu
4958,Jawaharlal Nehru Stadium - Chennai
4959,Namdhari Stadium
4960,Jawaharlal Nehru Stadium - Goa
4961,Manjeri Payyanad Stadium
4962,Mumbai Football Arena
4963,Indira Gandhi Athletic Stadium
4970,ONEOK Field
4971,Weidner Field
4972,Lynn Family Stadium
4975,Zions Bank Stadium
4982,Binh Duong Stadium
4986,Hang Day Stadium
4987,Lach Tray Stadium
4988,Pleiku Arena
4989,Tam Ky Stadium
4990,Nha Trang Stadium
4991,Hoa Xuan Stadium
4992,Vinh Stadium
4994,Thanh Hoa Stadium
4997,Levermyr Stadion
4999,Åsane Arena
5000,Harlyckans IP
5006,SOK Olimpiyskiy
5007,Gorodskoy
5010,Skonto
5012,RTU Stadions
5017,Thammasat Stadium
5018,Suphanburi Provincial Stadium
5019,Dragon Solar Park
5021,Tameside Stadium
5022,Gallagher Stadium
5033,Parque Desportivo e Municipal de Mafra
5034,Estádio Municipal de Famalicão
5035,Stadionul Municipal (Hîncești)
5036,Estadio Héroe de Nacozari
5045,Estadio de Fútbol Jaraguay de Montería
5046,Estadio Francisco Rivera Escobar
5047,Estadio Gonzalo Pozo Ripalda
5051,Estadio Obdulio Varela
5053,Estadio Centenario
5054,Estadio El Caney
5056,Estadio Verapaz José Ángel Rossi
5062,Estadio Juan Ramón Brevé Vargas
5067,Seoul Mokdong Stadium
5069,Ruichang Sports Park Stadium
5075,Stade Massabielle
5076,Kanazawa Go Go Curry Stadium
5078,Akon Arena
5084,Mestský štadión Skalica - "Letňák"
5085,Okzhetpes
5086,Kokand Central Stadium
5088,Stadion Klupci
5096,Stade 7 Mars Ben Guerdane
5098,Stade municipal de Sidi Bouzid
5102,Stedelijk Sportstadion Hasselt
5106,Dibba (Fujairah) Stadium
5107,Global Stadium
5112,El Coliseo de Mitre y Puccini
5113,Estadio Pedro Mutio
5114,Estadio Eduardo Gallardón
5115,Víctor Antonio Legrotaglie
5118,Mikheil Meskhi
5121,Città di Arezzo
5125,Degli Ulivi
5131,Lokomotiv
5133,Sporten Centar Gnezdo na orli
5134,Estadio de los Eucaliptos
5135,Único Madre de Ciudades
5137,Héctor Odicino - Pedro Benoza
5145,Stelios Kyriakidis Stadio
5150,Rajiv Gandhi Stadium
5153,Aswan Stadium
5164,Cerro del Espino
5165,Municipal La Florida
5167,Gobela
5168,La Almozara-El Carmen
5169,Urbieta
5170,Linarejos
5172,Silvestre Carrillo
5173,Romano José Fouto
5178,Stadion Kapten I Wayan Dipta
5184,KFUM-Arena
5185,NAMMO stadion
5188,Pitbull Stadium
5192,TQL Stadium
5197,The Peninsula Stadium
5205,Ishin Me-Life Stadium
5208,Talay Luang Stadium
5209,Estadio Olympico José Gregorio Martínez
5213,Estadio Américo Montanini
5215,Estádio Municipal Jacy Scaff
5220,Estadio Hugo Sotil Yerén
5223,Estadio Los Chankas
5234,Estádio Municipal de Fafe
5235,Zira Olympic Sport Complex Stadium
5239,Tuba Astro Turf
5242,Vito Simone Veneziani
5244,Stadion Mladost
5251,Estadio Tamaulipas
5260,Wai-Tong Stadium
5264,Estadio Pensativo
5271,Sheikh Hamdan bin Rashid Al-Maktoum Stadium
5272,Spoint İnşaat Ümraniyespor Stadyumu
5274,Terrain des Peupliers
5276,Nouste Camp
5277,Stade de La Duchère
5278,Stade Guy Piriou
5282,Stade Nejib Khattab
5285,Francisco de la Hera
5287,Mutilnova
5288,Mariano González
5291,Arena Sepsi OSK
5293,Comunal Afumați
5307,Carlos V
5308,Stadion Za Místním Nádražím
5317,Estadio José Ramón Flores
5325,Buzánszky Jeno Stadion
5329,Stade Municipale de Oued Zem
5333,Bistritsa Stadium
5335,Ivaylo
5337,Prapor
5338,Kolos
5339,Stadion Ingulets
5341,Estadio Leonel Plácido
5343,Estadio Olímpico El Cóndor de La Vega
5345,Estadio Cibao FC
5348,Estadio Panamericano
5350,Estadio Olímpico Félix Sánchez
5371,Muhammadu Dikko Stadium
5372,Remo Stars Stadium
5378,Estádio Alfredo Jaconi
5379,Estádio José Américo de Almeida Filho
5380,Estádio Estadual Lourival Baptista
5382,Arena Pantanal
5383,Estádio Governador Plácido Castelo
5384,Estádio Municipal Nhozinho Santos
5385,Estádio Santa Cruz
5387,Estádio Antônio Guimarães de Almeida
5388,Estádio General Sylvio Raulino de Oliveira
5389,Estádio Olímpico Colosso da Lagoa
5390,Thong Nhat Stadium
5391,Parque Estadio Olaya Herrera
5401,Estádio 4 de Janeiro
5431,Gradski
5434,Estadio Allen Riggioni
5443,Gradska Plaza Stadium
5446,Stade Omnisports Jean Bouin
5447,Hänsch-Arena
5448,Gipedo Filippoupolis
5452,Estadio Emilio Williams Agasse
5456,Takhti Jam Stadium
5457,Francesco Baracca
5471,Sportpark De Kalverhoek (AFAS Trainingscomplex)
5472,Madills Farm Reserve
5478,Municipal Sibiu (2022)
5480,Clinceni Arena
5483,Al-Majma'ah Sports City
5484,Ohod Club Stadium
5486,FK Budućnost(Dobanovci)
5487,TSC Arena
5492,Stadion ViOn
5493,Športni park Šiška Ljubljana
5496,Športni center Rogaška Slatina
5502,Stade Olympique de la Pontaise
5507,Arena Lviv
5513,Stadiumi i qytetit të Gjilanit
5514,Stadiumi "Rexhep Rexhepi"
5516,Stadiumi i qytetit të Gjilanit
5518,Stadiumi "Zahir Pajaziti"
5519,Stadiumi "Fadil Vokrri"
5528,Ofelia Rosenzuaig
5529,Nuevo Francisco Urbano
5531,Stadion Kustosija
5533,Stade Municipal Ben Guerir
5534,Guillermo Laza
5535,CDM Vicente del Bosque
5536,Municipal de Sant Francesc
5538,Francisco Artés Carrasco
5539,Instalaciones de Unbe
5549,Estádio Germano Krüger
5550,Soinca Bata
5551,Estádio Municipal de Menongue
5552,Estadio Ramón Tahuichi Aguilera
5555,Estadio Metropolitano de Itagüí
5556,Jiangxi Dingnan National Football Training Center Stadium
5560,Arto Tolsa Areena
5561,Naa Sheriga Sports Complex
5570,Övrevi
5571,Tornvallen 1
5574,Estadio Guillermo Briceño Rosamedina
5575,Estadio Saroldi
5576,Complejo Deportivo Vistamar
5578,Stadion Jatidiri
5579,SOYU Stadium
5582,Sam Ao Stadium
5583,BMO Stadium
5584,GEODIS Park
5585,Cashman Field
5599,Alsancak Mustafa Denizli Stadı
5601,Bandırma 17 Eylül
5603,Kırklareli Atatürk Stadı
5606,Menemen İlçe Stadı
5607,Zafer Stadı
5608,Aktepe Stadı
5609,Sivas Muhsin Yazıcıoğlu Spor Kompleksi
5610,Diyarbakır Stadyumu
5611,Kastamonu Gazi Stadı
5613,Grey Beton Bodrum Stadyumu
5614,Sancaktepe 15 Temmuz Stadı
5617,Juan Pasquale
6001,Estádio Municipal de Rio Maior
6002,Tivoli Stadion Tirol
6004,Ironbark Fields
6005,Sportpark Höhenberg
6006,Estadio Olímpico Benito Juárez
6007,Estadio Sierra Nevada (Santa Marta)
6010,Prince Sultan bin Abdulaziz Sports City
6013,Estádio Doutor Machado de Matos
6019,Edmond Machtensstadion
6020,Thes Sport - Sportcentrum Tessenderlo
6021,Stade du Paray
6023,Patrostadion
6024,Stade du Tivoli
6049,Sportpark Zoudenbalch
6052,Sportpark "Goed Genoeg"
6053,Sportpark Dijkpolder
6054,Sportpark Spanjaardslaan
6055,Sportpark de Krom
6056,Sportpark De Zwaaier
6057,Sportpark Panhuis
6058,Sportpark Zuid
6059,Sportpark Middelmors
6060,Sportpark "Houtrust"
6061,Sportpark Duinwetering
6062,Sportpark De Lok
6064,Minaj-Arena
6065,Yunist
6068,Dinaz
6070,Tsentralnyi Polissya
6078,Ortahisar Yavuz Selim Stadı
6079,TCDD Ankara Demirspor
6080,Van Atatürk Stadyumu
6082,Mustafa Kemal Atatürk Stadyumu
6087,Serik İsmail Oğan Stadı
6089,Stadiumi i qytetit të Suharekës
6090,Stadiumi "18 Qershori"
6092,DG Arena
6094,Park Hall
6095,Zhas-Qanat
6096,GOSK Brestskiy
6097,Bank Respublika Arena
6099,ASCO Arena
6100,Arena Arda
6101,Arena Națională
6102,Várkert
6103,ZTE-Aréna
6105,Aukštaitija
6106,LFF stadionas
6107,Centrinis miesto stadionas
6108,Dariaus ir Girėno stadionas
6110,Abovyan City Stadium
6111,Urartu Stadium
6114,Daugava (rezerves laukums)
6115,Tusanj
6117,Panthessaliko Stadio
6120,M.U.S. Stadion Sandskogan
6121,Grorud Stadion
6123,Julio Humberto Grondona
6124,Doctores José y Antonio Castiglione
6125,José María Minella
6126,Tres de Febrero
6128,Antonio Candini
6129,Estadio 9 de Mayo
6130,Estadio Christian Benítez Betancourt
6132,Caucasus Rugby Arena
6134,Estadio Parque del Guairá
6135,Estadio Las Américas
6136,Estadio Carlos Samamé Cáceres
6137,Estadio Inca Garcilaso de la Vega
6138,Estadio Municipal de Huamachuco
6139,Estadio Heraclio Tapia León
6142,Estadio Municipal de El Alto
6143,Estadio Villa Tunari
6144,Estadio Real Santa Cruz
6145,Prince Abdullah bin Jalawi Sport City
6146,Chase Stadium
6147,Nord Energi Arena
6148,Spartak
6149,Zelpo Arena
6151,Estadio Olímpico Atahualpa
6152,Estadio Municipal de la Juventud
6153,Al-Batin Club Stadium
6154,Estadio Garcilaso de la Vega
6155,Estadio Pedro Huamán Román
6158,Estadio Jalisco
6163,Weinan Sports Center Stadium
6165,Rugao Olympic Sports Center Stadium
6166,Baoan Stadium
6167,Protective Stadium
6168,Trinity Health Stadium
6169,Segra Field
6177,Stade Tahar Guidoum
6191,ATCO Field
6192,Tim Hortons Field
6193,Starlight Stadium
6194,Princess Auto Stadium
6195,Clarke Field
6196,Wanderers Grounds
6197,Estadio de la Asociación Cívica Jicaraleña
6198,30 June Stadium
6201,Complejo Deportivo Tierra de Fuego
6202,Estadio Municipal Morón
6204,Estadio Santo Domingo de Guzmán
6214,Kalinga Stadium
6215,JRD Tata Sports Complex
6216,Gachibowli Balayogi Athletic Stadium
6226,Stade Ahmed Choukri
6228,Estadio Prof. Javier Cruz
6229,Estadio Universidad Latina
6247,Mbombela Stadium
6254,Trat Provincial Stadium
6255,BG Stadium
6256,Boonyachinda Stadium
6261,Stade municipal de La Chebba
6262,Saqr bin Mohammed Al-Qasimi Stadium
6263,Sogdiana Sport Complex
6265,OKMK SM
6266,Shahid Ghasem Soleimani Sirjan Stadium
6268,University of Ghana Stadium
6269,Estádio Nacional de Ombaka
6273,Stadion Sumpah Pemuda
6274,Stadion Maguwoharjo
6275,Tuban Sport Center
6276,Stadion Demang Lehman
6277,Stadion Pakansari
6280,Godswill Akpabio International Stadium
6302,Stade TP Mazembe
6305,Stade Kamanyola
6306,Stade Kamanyola
6310,Stade Félix Houphouët-Boigny
6314,Stade René-Gaillard
6317,Gwangju World Cup Stadium
6319,Gwangyang Football Stadium
6320,Yi Shun-sin Sports Complex
6322,King Saud Sport City Stadium
6323,Al-Bukiryah Club Stadium
6324,Prince Mohamed bin Fahd Stadium
6326,Prince Abdulaziz bin Musa'ed Sports City
6327,Prince Abdullah Al-Faisal Sports City
6328,Estádio Frei Epifânio D'Abadia
6329,Estádio Elzir Cabral
6330,Estádio Presidente Vargas
6333,Autocentralen Park
6334,Stadion Rajko Mitić - Jug
6335,Stadion FK Kabel
6336,Krimeja
6346,Estádio Conde Dias Garcia
6350,Juan Alberto García
6351,Arturo Miranda
6352,Centenario
6353,4 de Septiembre
6354,Omar Higinio Sperdutti
6355,General San Martín
6356,Abel Sastre
6358,El Fortín
6359,Coloso del Barrio Talleres
6360,De Boshoek
6381,Stade Armand-Chouffet
6382,Stade Marcel-Verchère
6383,Complexe sportif de Borgo
6384,Stade Charles-Massot
6385,Parc des Sports d'Annecy
6395,Fußballarena Lafnitz
6397,Sparkasse Arena Birkenwiese
6398,Ertl-Glas-Stadion Amstetten
6400,Hauptfeld Akademie Austria Wien
6401,FAC Platz
6404,Frederiksberg Idrætspark
6407,Farum Park
6408,Městský fotbalový stadion Srbská
6409,Stadion Za Vodojemem
6412,Dimotiko Stadio Ierapetras "Petros Vouzounerakis"
6416,Dimotiko Stadio Igoumenitsas
6417,Dimotiko Stadio Arideas
6422,Stadio Kalamarias "Vasilis Triantafyllidis"
6424,Stadion Mladost
6425,Stadion Opatija
6429,Gipedo Theodoros Kolokotronis
6430,NSC Stjepan Spajic
6431,Stadion BSK - Bijelo Brdo
6438,Stade de Bouleyres
6439,Centre sportif des 3 sapins
6440,Stadion Esp
6445,Vikingavallen
6446,Mellringe IP
6447,Green Stadium
6449,Turkestan Arena
6450,SRC Marijan Suto-Mrma
6451,Almaty Ortalyk Stadion
6452,Municipal Joaquín Muñoz García
6453,Estadio Olímpico Pascual Guerrero
6454,Estadio Romelio Martínez
6455,Estadio Francisco Rivera Escobar
6456,Estadio Metropolitano de Techo
6457,Estadio Bello Horizonte
6458,Estadio Francisco Rivera Escobar
6459,Estadio Banco Guayaquil
6461,Estadio Alejandro Serrano Aguilar
6464,Estadio José Silva Romo
6468,Estadio Folke Anderson
6472,Estadio Tomás Beggan Correa
6475,Estadio Rafael Calles Pinto
6476,Estadio Tulio Maya
6477,Sede Real Frontera
6478,Estadio Olímpico de la Universidad Central de Venezuela
6479,Estadio Agustín Tovar
6483,Estadio Roberto Jordán Cuellar
6484,Estadio IV Centenario
6489,Estadio Tlahuicole
6491,Estadio Carlos Vega Villalba
6494,Hwaseong Sports Complex
6495,Shizuoka Ashitaka Athletic Stadium
6496,Fujieda Soccer Stadium
6497,TOHO "Minna no" Stadium
6499,ASICS Satoyama Stadium
6500,Shiranami Stadium
6504,Stade Kindu
6506,Stade Frederic Kibassa Maliba
6517,Stadion 20-letie Nezavisimosti
6518,Al-Shaab Stadium
6519,Al-Madina Stadium
6528,Al-Zawraa Stadium
6529,Al Naft Stadium
6530,Taunggyi Stadium
6531,Ayar Stadium/ Pathein Stadium
6532,Prince Abdul Aziz bin Musa'ed Stadium
6533,Al-Shoulla Club Stadium
6535,King Faisal Sport City Stadium
6536,Southwest University Park
6537,Isotopes Park
6538,Taft Stadium
6539,Snapdragon Stadium
6540,Starfire Sports Stadium
6542,Breese Stevens Field
6543,Paladin Stadium
6544,Choctaw Stadium
6545,Optim Sports Medicine Field
6547,Werner Park
6549,Neftyanik
6550,Al-Maimuna Stadium
6552,Yangon United Sports Complex
6554,Orășenesc Mioveni
6555,Municipal Târgu Jiu
6556,Municipal Miercurea Ciuc
6560,1 Mai
6565,Comunal Tunari
6566,Complex Sportiv Craiova - stadion de fotbal
6579,Stadion Miejski w Tychach
6580,Stadion Skra
6581,ArcelorMittal Park
6582,Stadion Miejski
6583,Arena Radunia
6587,Sachs-Stadion
6604,Enrico Rocchi
6605,Gavagnin-Nocini
6607,Stade de Bellevue
6609,Stade Fred Aubert
6611,Stadion na Udolni
6621,Dimotiko Stadio Archanon "Markomichelakio"
6623,Stadion Lagator
6624,Stadion Kraljevica
6627,Campo Pian Scairolo
6634,Brattvåg Stadion
6637,Ramat Gan
6645,Gimpo Solteo Football Stadium
6648,Prince Abdullah bin Jalawi Sport City
6652,Luis Carlos Galán Sarmiento
6654,Estádio Jorge Ismael de Biasi
6655,Estádio Augusto Bauer
6657,Estádio dos Eucaliptos
6658,Arena da Amazonia
6660,Padre Ernesto Martearena
6682,Vís Völlurinn
6699,Municipal Leonel Sánchez Lineros
6704,Estádio Municipal Doutor Novelli Júnior
6705,Estádio Municipal Felipe Raulino
6709,Estádio Proletário Guilherme da Silveira
6713,Estádio Manoel Dantas Barreto
6714,Estadio Carlos Iturralde Rivero
6715,Wiener Sport-Club Platz
6716,Wilhelm-Langrehr-Stadion
6722,Finley Stadium
6724,CHI Memorial Stadium
6733,SRC Velika Gorica
6734,Stadion NK Jarun
6742,Stade Robert Urbain
6743,Stadion Olivier
6747,Estádio Manuel Marques
6748,Estádio José Gomes
6761,Amerigo Liguori
6763,Romeo Galli
6765,Stade Pelé
6769,Stade Ludovic Giuly
6770,Stade Jules-Ladoumègue
6772,Stade Adolphe-Chéron
6773,Allianz-Stadion
6783,Sportovní areál Drnovice
6791,Zirineio Stadium
6804,Gradski Stadion Sremska Mitrovica
6810,Tingvalla IP
6815,Nordre Åsen Kunstgress
6828,La Planilla
6829,Juan Antonio Álvarez Rabanal
6830,Avangard
6834,Sincan 15 Temmuz Milli Birlik Stadı
6835,Karacabey M. Fehmi Gerçeker Stadı
6837,Estadio de Mazatlán
6838,Estadio Generalísimo José María Morelos y Pavón
6839,Estadio Gregorio Tepa Gómez
6840,Estadio Olímpico Andrés Quintana Roo
6842,Estadio Akron
6844,Estadio Francisco Zarco
6845,Cheongju Stadium
6854,Prince Abdulaziz bin Musa'ed Sports City
6855,Prince Hathloul bin Abdulaziz Sports City
6858,Estadio Arturo Cumplido Sierra
6861,Estádio Municipal Presidente Getúlio Vargas
6863,Salomón Boeseldín
6864,Estadio Banco Guayaquil
6865,Estadio Municipal de La Troncal
6871,Stade Municipal Berrechid
6876,Al-Najaf International Stadium
6877,Najaf Stadium quintet
6893,Shohadaye Sanat Mes Rafsanjan 1
6894,Imam Khomeini Stadium
6899,Cairo International Stadium
6900,Suez Canal Authority Stadium
6902,Alexandria Stadium
6905,Keyworth Stadium
6907,Oakland-Alameda County Coliseum
6908,La Marmora - Pozzo
6909,Tonino Benelli
6910,Breda
6911,Simonetta Lamberti
6919,Turkestan Arena
6922,Tsentralny
6923,Stadyen RTsOP-BGU
6924,Gorodskoy
6925,FOK Pripyat
6928,Tovuz City Stadium
6930,Bistritsa Stadium
6932,Georgi Benkovski
6934,Lokomotiv
6936,Hristo Botev
6938,Tsar Samuil
6956,Szentlőrinci Sportpálya
6957,Tiszakécske Városi Stadion
6969,Estádio Annibal Batista de Toledo
6971,Estádio Municipal Olivério Bazzani Filho
6972,Estádio 19 de Outubro
6974,Estádio Etelvino Mendonça
6976,Estádio Municipal José María de Campos Maia
6977,Estádio Boca do Lobo
6983,Peter Mokaba Stadion
6984,Richards Bay Sports Stadium
6990,Tskaltubo Stadium
6994,Bishan Stadium
6996,SAIC Motor Pudong Arena
6998,Ji'nan Olympic Sports Center
7000,TEDA Football Stadium
7001,Zhengzhou Hanghai Stadium
7004,Tiantai Stadium
7005,Huanglong Sports Centre Stadium
7007,Hang Day Stadium
7012,Estádio Major José Levy Sobrinho
7013,Estádio Elcyr Resende de Mendonça
7014,Estádio Aniceto Moscoso
7016,Estádio Francisco Novelletto Neto
7028,Arena Egnatia
7030,Campbelltown Stadium
7032,Estádio Estadual Lourival Baptista
7040,Gimcheon Sports Complex
7055,ImmoAgentur Stadion
7058,Başakşehir Fatih Terim
7062,Ciudad de Caseros
7063,Republican Stadium named after Vazgen Sargsyan
7064,Shamakhy City Stadium
7066,Estádio Francisco Stédile
7068,Dalian Suoyuwan Football Stadium
7071,Tarczyński Arena Wrocław
7072,Cape Town Stadium
7073,Manisa 19 Mayıs Stadyumu
7080,Estadio Villaconcha
7083,Fotbalový stadion Střelecký ostrov
7096,Svajcarija, Zlatibor
7098,Wutaishan Stadium
7100,Estadio Alexander Comanche Bottini
7101,CTE Cachamay
7105,Zentralstadion Kurgonteppa
7109,Chernigiv-Arena
7113,Stadion Skif
7116,Estadio Julio Lores Colán
7124,Cairo International Stadium
7126,Estádio Bento Mendes de Freitas
7127,Estadio Gran Mamoré
7130,Estadio Municipal de Quillacollo
7139,Estadio Jesús Bermúdez
7575,Estadio Inca Garcilaso de la Vega
7576,Estadio Olímpico Atahualpa
7577,Dunedin Artificial Turf
7578,War Memorial Park
7587,Estádio Municipal Nhozinho Santos
7590,Estádio Municipal Pedro Alelaf
7591,Estádio do Pinhão
7606,El Fortín
7607,Leonardo Costa
7608,Estadio de Sol de América
7609,9 de julio
7610,Libertador General San Martín
7611,Germán Solterman
7614,Estádio da Tapadinha
7618,Stadion Slavko Maletin Vava
7619,Municipal Turnu Măgurele
7623,Gipedo Kampaniakou
7624,Dağılgan Stadı
7625,Iğdır Şehir Stadı
7626,Derince Belediyespor Doğal Çim Stadyumu
7628,Yeni Karaman Stadyumu
7629,Bayrampaşa Çetin Emeç Stadyumu
7631,Ghasem Soleimani Tabriz (Bonyan Diesel)
7633,Nasiri Stadium
7636,Duhok Stadium
7638,Estadio Max Augustín
7642,Estadio Dr. Carlos Villegas
7643,Estadio Víctor Montoya Segura
7644,Estadio Rosas Pampa
7645,Estadio Complejo Juan Pablo II
7646,Estadio 25 de Noviembre
7647,Estadio Olímpico de Ibarra
7649,Beirne Stadium
7650,One Spokane Stadium
7651,Sirvintu stadionas
7652,Astana Arena
7653,Spartak
7654,Bay City Park
7655,Links Avenue Reserve
7656,Wakefield Park
7657,English Park S1
7662,Dr. Kwame Kyei Sports Complex
7664,Estádio Lourival Gomes de Almeida
7668,Estádio Carlos Zamith
7686,Estadio Elías Moisés Gómez
7687,General Gutiérrez
7688,Ciudad de La Banda
7689,José Alberto Valle
7690,Münzer Bioindustrie Sportpark
7692,UCSA Arena
7693,Stadion Avanhard
7694,Metalul
7696,Central Ungheni
7698,Stadium Albena 1
7700,Dimotiko Stadio Katerinis
7701,Kepez Hasan Doğan Stadı
7703,Tarsus Şehir Stadı
7704,Campo de Jogos de São Mateus da Calheta
7705,Mount Smart Stadium
7706,Gelora Kie Raha
7708,King Khalid Sport City Stadium
7709,Prince Nayef bin Abdulaziz Stadium
7710,Stade de Unité Maghrébine
7711,Crosby Awuah Memorial Park
7712,Wenchi Sports Stadium
7718,Aldo e Dino Ballarin
7719,Tonino D'Angelo
7720,Al-Ramadi Stadium
7722,Estadio Telmo Carbajo
7723,Estadio Melgar
7724,Comunale di Caravaggio
7733,Yuexiushan Stadium
7734,Estadio Farid Richa
7735,Marítimo de Guatire
7740,ANZ Stadium
7741,Fiji FA Academy Ground
7742,Garvey Park
7748,Terrain Municipal Yacoub el Mansour
7774,Bislett Stadion
8010,Avan Academy Stadium
8012,Charentsavan City Stadium
8016,Stadionul Orășenesc (Bender)
8021,Kompleksi Internacional
8033,Arevik
8037,Grbavica
8048,TD Place Stadium
8053,Willoughby Community Park Stadium
8061,Estadio Chorotega
8062,Estadio Ernesto Rohrmoser
8071,Estadio Edgardo Baltodano Briceño
8074,Estadio Piedades de Santa Ana
8077,Fiji FA Academy Field
8078,Subrail Park
8079,Churchill Park
8080,Prince Charles Park
8081,Lawaqa Park
8082,Uprising Resort Ground
8083,Ratu Cakobau Park
8084,HFC Bank Stadium
8087,Kymenlaakson Sähkö Stadion (Saviniemi)
8185,Kalyani Stadium
8186,Jawaharlal Nehru Stadium, New Delhi
8187,TRC Turf Ground
8188,Chhatrasal Stadium
8189,Kalyani Stadium
8194,Jawaharlal Nehru Stadium - Kochi
8195,Deccan Arena Ground
8204,Vivekananda Yuba Bharati Krirangan / Salt Lake
8205,Haji Dimurthala Stadium
8206,Stadion Indomilk Arena
8208,Stadion Brantas
8209,Stadion International Banten
8211,Stadion Lukas Enembe
8212,Stadion Maguwoharjo
8213,Stadion Wibawa Mukti
8215,Stadion Tri Sanja
8216,Stadion Maulana Yusuf
8217,Stadion Mandala
8218,Stadion Batakan
8220,Gelora Bumi Kartini
8221,Stadion Manahan
8222,Stadion Patriot Candrabhaga
8237,Sultan Ibrahim Stadium
8238,Stadium Negeri Pulau Pinang
8239,Stadium Sultan Mohammad IV
8240,Sarawak State Stadium
8246,USIM Stadium
8260,Joma Arena
8264,Stadionul Sătesc
8265,Stadionul Orășenesc (Drochia)
8282,Keith Hay Park
8283,Olympic Park
8284,Shepherds Park
8285,Ferrymead Park
8286,Linfield Park
8287,United Sports Centre
8288,Garrick Memorial Park
8293,Alex Moore Park
8295,Petone Memorial
8301,Memorial Park, Mosgiel
8302,Seddon Fields
8303,Tulett Park
8314,Stadion V Dolinci
8319,Sportni park Slovenska Bistrica
8320,Khon Kaen PAO Stadium
8322,Pitchaya Stadium
8323,Ayutthaya Province Stadium
8324,Khon Kaen PAO Stadium
8325,Custom Ladkrabang 54 Stadium
8326,Insee Chantarasatit Stadium
8327,Lampang Province Stadium
8329,Stade Ahmed Khouaja
8330,Stade Municipal de Soliman
8342,Dibba Stadium
8346,Dustlik Stadion
8348,Quy Nhon Stadium
8349,Ha Tinh Stadium
8350,Thien Truong Stadium
8354,Hang Day Stadium
8405,Stade Frédéric-Kibasa-Maliba
8413,Estadio Juan Ramón Brevé Vargas
8414,Estadio Municipal Carlos Miranda
8472,Lamphun Warriors Stadium
8473,Kanchanaburi Stadium
8474,Nakhon Pathom Municipality Sport School Stadium
8475,Huayma Stadium
8484,Chanthaburi Province Stadium
8497,Samuel Ogbemudia-Stadium
8505,Estadio La Fortaleza del Pikysyry
8508,Endeavour Park
8509,Wakefield Park
8510,Foster Park
8511,David Farrington Park
8512,Fraser Park
8513,Bluewater Stadium
8514,Saxton Field
8515,Fred Taylor Park
8516,Instalaciones de Lezama
8519,Vicente Sanz
8520,Ciudad Deportiva El Glorioso
8521,Alfredo Di Stefano
8523,Ciudad Deportiva de Paterna
8528,Municipal de Santa Ana
8529,San Juan-Donibane
8532,Estádio Primeiro de Maio
8533,Estádio José Batista Pereira Fernandes
8537,Itaipava Arena Pernambuco
8538,Estádio Municipal Parque do Sabiá
8539,GAT Arena
8540,Stadion Kraljevica
8560,Gradski stadion Vrsac
8567,Markets Field
8568,Shahid Dastgerdi Stadium
8569,Emam Ali Sirjan
8570,Shohadaye Mollasani Stadium
8573,Ghadir Stadium
8574,Vahdat Astara Stadium
8575,Haji Babaei Stadium
8576,Sardar Azadegan Qazvin
8577,Takhti Khorramabad
8578,Shohada Mes Shahr Babak
8579,Estadio Félix Capriles Sainz
8582,Suzhou Sports Centre Stadium
8583,Wuhan Sports Centre Stadium
8589,Estadio Olímpico Guillermo Albornoz
8590,Estadio Federativo Reina del Cisne
8591,Cairo International Stadium
8592,Petrosport Stadium
8597,Stade municipal d'Oujda
8598,Stade du 18-Novembre
8601,Estadio Unión Tarma
8602,Estadio Monumental de la UNA
8605,Jungwang Sports Park
8607,Yomra İlçe Sahası
8610,Estadio Municipal Parque Liebig's
8615,Estadio José Antonio Anzoátegui
8625,Olímpico Sección 24
8631,Stade El Mokrani
8635,Stade Hamam Amar
8637,Hawaiians Stadium Iwaki
8639,Toyama Athletic Stadium
8650,Higashiosaka Hanazono Rugby Stadium
8659,Yangju Godeok Sports Complex
8669,American Legion Memorial Stadium
8670,Cardinale Stadium
8671,Fresno State Soccer Stadium
8672,4Rivers Equipment Stadium
8732,Stade Fautaua
8734,Stade Louis Ganivet
8746,Estadio Gustavo Posam
8748,Estadio Aristocles Toco Castillo
8770,Al-Saher Ahmed Radhi Stadium
8772,Zakho Stadium
8785,Estadio Cuscatlán
8786,Estadio Antonio Toledo Valle
8788,Nuevo Matapiñonera
8789,Reina Sofía
8790,Municipal de Ejea
8791,Municipal de Tarazona
8792,Municipal Juan Guedes
8800,Mandalar Thiri Stadium
8812,TALCO Arena
8822,Carlo e Filippo Tassara
8827,Nicola Tubaldi
8828,Alberto De Cristofaro
8829,Mimmo Pavone e Alessandro Mariani
8830,Stadio Matteo Legler
8832,Virgilio Fedini
8840,Comunale di Piancastagnaio
8842,Alfredo D'Albertas
8843,Estádio Municipal de Amarante
8844,Estádio Municipal de Anadia
8847,Campo da Mata
8857,Estádio Municipal de Tábua
8860,Estádio Aurélio Pereira
8861,Pista de Atletismo Gémeos Castro
8865,Estádio Dr. José de Matos
8866,Campo Cruz Do Reguengo
8873,Estádio Dr. Hercílio Luz
8877,Estádio Doutor Osvaldo Texeira Duarte
8878,Estádio Olímpio Perim
8881,Estádio Senador João Ribeiro
8885,Estádio Francisco Vasques
8891,Estádio Municipal Irmão Gino Maria Rossi
8896,Estádio Jânio Moraes
8897,Estádio Paulo Barreto de Menezes
8898,Arena Acreana
8907,Estádio Jonas Duarte
8908,Arena da Amazonia
8909,Roberto Larrosa
8910,Dr. Osvaldo Baletto
8911,20 de Octubre
8912,Modesto Marrone
8913,La Visera de Cemento
8914,Guillermo Trama
8915,Municipal Eva Perón
8917,Manuel y Ramón Núñez
8918,El Gigante del Norte
8919,Raúl Orlando Lungarzo
8920,Fray Honorato Pistoia
8921,Alejandro Pérez
8922,Miguel Sancho
8924,Albiceleste
8926,De la Avenida
8927,Estadio La Quema
8928,La Barranca
8929,Estadio Jorge Alfredo Arín
8930,Libertarios Unidos
8931,Alfredo Ramos
8932,Mario Losinno
8933,Estadio Armenia
8934,Estadio De Los Inmigrantes
8936,Estadio Carlos Alberto Sacaan
8938,Estadio Malvinas Argentinas
8939,Estadio Pablo Comelli
8940,Monumental de Villa Lynch
8941,Campo Chá das Padeiras
8944,Parque de Jogos Pardal Monteiro
8947,Estádio Municipal das Laranjeiras
8959,Campo Conde de Sucena
8967,Estádio Amélia Morais
8968,Estádio do SC São João de Ver
8969,Velodromo Attilio Pavesi
8971,Gastone Brilli-Peri
8972,Briamasco
8975,Donato Curcio
8978,Domenico Monterisi
8979,Mario Sebastián Diez
8980,Estadio Nueva España
8984,Estadio Ciudad de Laferrere
8987,República de Italia
8995,Estadio Norman Lee
9035,Nicolás Chahuán Nazar
9109,Stade Henri-Longuet
9110,Stade Saint-Michel
9111,Parc des Sports d'Haguenau
9114,Estádio do Restelo
9118,Estádio Patalino
9122,Luis Suñer Picó
9123,El Pinar
9124,Municipal A Lomba
9125,San Miguel de Pulpí
9127,Nueva Balastera
9128,La Isla
9129,Fernando Astobiza
9130,Nou Sardenya
9131,La Albuera
9132,San Lorenzo
9133,Antonio Solana
9134,Pepe Quimarán
9138,Román Suárez Puerta
9139,Municipal Santa Eulalia del Río
9141,Las Llanas
9142,Ciudad Deportiva de Maspalomas
9144,El Rubial
9146,Yeni Buca Stadı
9148,Isparta Atatürk Stadyum
9149,Yusuf Ziya Öniş Stadyumu
9151,Soma Atatürk Stadı
9152,11 Nisan Stadyumu
9154,Yeni Ordu Stadyumu
9158,Edirne 25 Kasım
9159,Esenler Erokspor Stadyumu
9164,Bayrampaşa Çetin Emeç Stadyumu
9165,Batman Stadyumu
9174,Sarıseki Fuat Tosyalı Spor Kompleksi
9179,Estádio Dr. Hercílio Luz
9180,Estádio Joaquim Portugal
9184,Estádio Estrela d'Alva
9187,Estádio Regional Willie Davids
9191,Castor Cifuentes
9206,Gradski Stadion u Borovu naselju
9207,Nikola Shterev
9211,Estadio General Santander
9231,Hans-Walter-Wild-Stadion
9232,Marschwegstadion
9234,Xaver-Bertsch-Sportpark
9235,NGN-Arena
9241,Olímpic Camilo Cano
9242,Camp Municipal de Sa Plana- Andratx
9243,Nuevo El Maulí
9244,As Eiroas
9245,O Espiñedo
9246,Ciudad Deportiva de Castañares
9247,Antonio Molinari
9253,Green Stadium
9254,Estadio Guaycura
9257,Ștefan Dobay
9258,Oţelul
9261,Stade Zakaria Medjdoub
9266,Estadio Municipal de El Alto
9272,Meadowbank
9273,LNER Community Stadium
9275,Pärnu Rannastaadion
9277,Stade Jean Bouin
9278,Stade Camille-Lebon
9281,Stade Municipal de Moirans-en-Montagne
9286,Stadion am Panzenberg
9289,Kaftanzoglio Stadio
9293,Dal Molin
9301,B&amp;G-parken
9307,Melløs stadion
9312,Pouria Vali Talesh Stadium
9313,Shahid Dr. Azodi Stadium
9319,Shahid Bakeri Stadium
9320,Shahid Dastgerdi Stadium
9322,Sardar Jangal Stadium
9330,LNK Sporta Parks artificial
9331,RTU Stadions
9332,Daugava (rezerves laukums)
9339,Raudondvario stadionas
9354,Tabasalu Arena
9355,Lasnamäe Spordikompleksi kunstmurustaadion
9356,Haapsalu linnastaadion
9371,Stadion Dragan Dzajic
9379,Ness Ziona Stadium
9385,Yankele Grundman Stadium
9409,Alpamysh
9412,Berthiaume-Du-Tremblay Stadium
9413,Parc Blainville
9414,Centre Multi Sport
9415,Cegep Varnier College Field
9416,Stade Beauport
9425,Pingguo Stadium
9426,Qingdao Youth Football Stadium
9427,West Coast University City Sports Center Stadium
9428,Jiading Stadium
9429,Yutong International Sports Center Stadium
9430,Cherkasy-Arena
9438,Nikola Shterev
9474,Department of Education Stadium
9476,Al-Orobah Club Stadium
9481,Al-Jouf University Stadium
9482,Al-Najma Club Stadium
9484,Al-Safa Club Stadium
9485,Prince Naif Sports City Stadium
9486,Al-Zulfi Club Stadium
9489,Al-Anwar Club Stadium
9490,Al-Nairyah Club Stadium
9494,Al-Zulfi Club Stadium
9511,Four Crosses Construction Arena
9516,do Imbondeiro
9520,Kurikutelas Stadium
9528,Estádio das Mangueiras
9530,Estadio Winston Pineda
9546,Coronation Park
9556,Nii Adjei Kraku Sports Complex
9560,Al Quwa Al Jawiya Stadium
9561,Al-Kahrabaa Stadium
9564,Al-Madina Stadium
9565,Al Kifl Stadium
9567,Franso Hariri Stadium
9577,Estadio Futuras Promesas
9592,Al-Alam Stadium
9599,Karbala Sports City
9600,Maysan Olympic Stadium
9617,Estadio Municipal de Chapeltique
9618,Estadio Correcaminos
9620,Estadio Jorge Calero Suárez
9632,Stade de la Fontenette
9641,İştirak Düzce Şehir Stadı
9655,Bibiani Dun's Park
9661,Stadion Bara
9663,Junior Sport Stadium
9667,Gradski Stadion Gostivar
9674,Campo Sportivo di Zivido
9676,Stadio comunale Germano Bellucci
9677,Arena Civica Gianni Brera
9682,Nana Konamansah Park
9684,Nsenkyire Sports Arena
9687,Stadionul Unirea
9688,Municipal Ramnicu Valcea
9690,La Salera
9691,Sendero
9692,Municipal de El Paso
9693,La Molineta
9694,Loinaz
9695,Chapín
9696,Estadio Juan Carlos Brieva
9707,Gipedo Makedonikou
9729,Lexington SC Stadium
9730,Regal Soccer Stadium
9731,Energizer Park
9740,Stade Taieb Ben Ammar
9742,Francisco Muñoz Pérez
9750,Stadion Olympia Radotin
9755,Estádio Municipal Zinho de Oliveira
9761,Stadio Giuseppe Capozza
9773,Comunale di Borgosesia
9785,Stade Sainte-Germaine
9789,Cygnet Health Care Stadium
9790,Crucial Environmental Stadium
9798,Banbury Plant Hire Community Stadium
9799,Theobalds Lane
9800,Champion Hill
9801,Easy As Hgv Stadium
9802,Lincoln Road
9811,The Meadow
9815,Queen Elizabeth II Stadium
9828,The Marine Travel Arena
9835,Bloomfields
9839,Neuven Stadium
9841,Dales Lane
9842,1st Cloud Arena
9851,Woodspring Stadium
9887,Donaustadion
9899,El Malecón
9900,Can Misses III
9901,El Pozuelo
9903,El Congost
9905,El Requexón
9906,Ciudad Deportiva Real Zaragoza
9907,Nuevo Colombino
9909,Santa Ana
9910,San Juan Bosco
9919,Municipal Isla
9920,Municipal de Lebrija
9927,Isidro Calderón
9931,Las Salinas
9938,Municipal de Azuaga
9940,Municipal de Badalona
9941,Municipal de Barbastro
9948,Los Olmos
9969,Ciudad de Lucena
9979,San Francisco Javier
9981,Municipal Ángel Celdrán
9986,Eusebio Arce
9987,Novo Municipal da Estrada
10001,Municipal de Illescas
10005,Ciudad Deportiva de San Vicente del Raspeig
10012,Ciudad de Málaga
10016,Dehesa de Navalcarbón
10018,Fernando Robina
10034,Oion Arena
10043,Camp Municipal de Sant Miquel de Balansat
10048,Nuevo Campo de la Puebla
10052,Municipal Manuel Polinario
10053,Municipal de San Marcos
10055,Municipal El Val
10061,Adolfo Suárez
10077,Campo de Fútbol de Vallegón
10083,Municipal Juan Manuel Azuaga
10084,Las Veredillas
10086,San Gregorio
10094,O Couto
10098,Municipal de Yaiza
10103,Municipal de Sarriguren
10104,Municipal Ángel Aguado
10109,Las Pirámides Toribio Santos
10111,Municipal A Magdalena
10119,Stadion Pivare
10121,Nakhon Si Thammarat PAO. Stadium
10122,WHA Rayong Stadium
10132,Estádio do Clube Desportivo das Aves
10133,Campo da Estrela
10151,Stade Honneur
10165,Uthai Thani Province Stadium
10170,20 Août 1955
10183,Bolluca
10193,Erbaa İlçe
10197,Kuşadası Özer Türk Stadyumu
10199,Çatalca İzzettin Stadyumu
50003,Estádio Municipal Waldomiro Borges
50004,Estádio Olímpico Horácio Domingos de Sousa
50006,Estádio Olímpico Pedro Ludovico Teixeira
50008,Estádio Municipal João Saldanha
50011,Estadio Héroes de San Ramón
50012,Estadio Jorge Basadre
50016,James J. Fitzpatrick Stadium
50020,The Stadium at Memorial Field
50021,Metallurg
50022,Jinzhou Stadium
50023,Longhua Culture and Sports Center Stadium
50033,Estádio da Montanha
50034,Sportsplex at Matthews
50037,Bishop Reding CSS
50038,North Maple Regional Park
50039,Estadio Jesús Bermúdez
50055,Nanhai Sports Center Stadium
50056,Changchun Yatai Football Jingyue Training Base Stadium
50057,Wenzhou Sports Centre Stadium
50058,Zengcheng Kangwei Stadium
50059,Shenzhen Youth Football Training Base Centre Stadium
50060,Jiangxi Dingnan National Football Training Center Stadium
50061,Yunnan Kehua Football Training Base Stadium
50062,Jinjiang Football Training Center (Football Park) Stadium
50063,Haimen Sports Center Stadium
50064,Linping Sports Centre Stadium
50065,Ses Forques
50066,A Ribela
50068,City Football Station Stadium
50069,Prince Mohammed bin Abdul Aziz Stadium
50070,Snows Stadium
50073,Stade André Badoil
50075,Stade Eugène Cholet
50078,Nuevo Estadio Ciudad de Alcalá
50079,Dietmar-Hopp-Stadion
50080,Stadio Comunale Gino Corioni
50081,Stadio Polisportivo
50082,Stadio Comunale - Guidonia Montecelio
50083,Brianteo
50091,Al-Anwar Club Stadium
50093,Román Valero
50094,Sultan Hassanal Bolkiah Stadium
50095,Camp d'Esports de Lleida
50097,Xinhua Road Sports Center
50099,Estádio Municipal do Marco de Canaveses
50103,Gradski Stadion Priboj
50131,Wanaka Rec Centre
50138,Municipal L'Almená
50139,Municipal La Celadilla